Batch,№,Educator Name,Educator Sex,Educator Age,Educator Race,Educator Country of Origin,Educator Education,Student Name,Student Sex,Student Age,Student Race,Student Country of Origin,Student Education,Student Employment,Description,Subject,Subject Theme,Human Verified
1,1,Maria,F,45,Hispanic/Latina,USA,Master's in Public Health,David,M,62,White,USA,High School Diploma,Retired Construction Worker,"""So, we've talked about the importance of regular checkups. David, you mentioned last week that you haven't been to the doctor in a few years. Is there anything preventing you from scheduling an appointment?"" ""Well, to be honest, I don't really like going. It always feels rushed, and I don't understand half of what they're saying. Plus, with my insurance… it's complicated."" ""I understand. Many people feel that way. Doctors often have limited time, and medical jargon can be confusing. We can talk about strategies for effective communication with your doctor, like preparing questions beforehand. As for insurance, we can explore resources that help navigate those complexities. There are also community clinics that offer services on a sliding scale based on income. Would you be interested in learning more about those options?"" ""Yeah, that sliding scale thing sounds interesting. My wife and I are on a fixed income now, so every bit helps. And you're right, I should probably write down my questions. Last time, I forgot to ask about my blood pressure."" ""Great. We can work on that together. Remember, your health is important, and having these conversations with your doctor is key to staying healthy.""",Regular Checkups,Preventive Health & Checkups,
1,2,Maria,F,45,Hispanic/Latina,USA,Master's in Public Health,Aisha,F,38,Black,USA,Bachelor's Degree,Social Worker,"""Aisha, you've been very active in our discussions about nutrition. I'm curious, what are some of the challenges you see in your community regarding access to healthy food?"" ""That's a big issue. We live in a food desert. The nearest grocery store is miles away, and the corner stores mostly sell processed foods. Fresh produce is expensive, and it often goes bad quickly. It's tough for families to make healthy choices when they don't have access to affordable, nutritious options."" ""Absolutely. Food deserts are a significant problem. Lack of transportation, limited income, and the availability of healthy food all play a role. There are initiatives working to address this, like community gardens and mobile markets that bring fresh produce to underserved areas. We can discuss ways to advocate for better food access in your community."" ""I'd be interested in that. I've been thinking about starting a community garden myself. Maybe we can brainstorm some ideas."" ""That's a wonderful idea. We can explore resources and connect you with other community garden organizers. It's a great way to empower communities to take control of their food systems.""",Access to Healthy Food,Nutrition & Healthy Eating,
1,3,Maria,F,45,Hispanic/Latina,USA,Master's in Public Health,Kenji,M,50,Asian,USA,Some College,Small Business Owner,"""Kenji, we've talked about the importance of physical activity. What are some of the barriers you face in incorporating more exercise into your daily routine?"" ""Time is a big one. I work long hours at my store, and by the time I get home, I'm exhausted. Plus, I have a bad knee, so some exercises are difficult for me."" ""I understand. Time constraints and physical limitations are common challenges. Even small amounts of physical activity can be beneficial. We can explore low-impact exercises that are easier on your joints, like swimming or cycling. We can also discuss strategies for incorporating movement into your workday, like taking short breaks to stretch or walk."" ""I used to enjoy swimming. There's a community pool nearby. Maybe I could start going a couple of times a week. And you're right, even a few minutes of stretching at work might help."" ""That's a great start. We can find resources on low-impact exercises and create a plan that fits your schedule and physical abilities. Remember, any movement is better than none.""",Physical Activity,Physical Activity & Exercise,
1,4,Maria,F,45,Hispanic/Latina,USA,Master's in Public Health,Fatima,F,28,Arab,USA,Bachelor's Degree,Teacher,"""Fatima, we've discussed the importance of mental health. What are your thoughts on the resources available for mental health support in our community?"" ""I think there's still a stigma around mental health, especially in some communities. People are often hesitant to seek help. Plus, finding affordable mental health services can be difficult. Many therapists don't accept insurance, and the out-of-pocket costs can be prohibitive."" ""You're right. Stigma and cost are major barriers. We can discuss ways to reduce stigma and encourage people to seek help when they need it. We can also explore resources like community mental health centers that offer services on a sliding scale, and support groups that provide a safe space for people to share their experiences."" ""I think support groups could be really helpful. Knowing that you're not alone can make a big difference. Maybe we could even look into starting a support group in our community."" ""That's a wonderful idea. We can research existing support groups and learn from their experiences. We can also connect with mental health professionals who can provide guidance and support.""",Mental Health Support,Mental Health & Stress Management,
1,5,Maria,F,45,Hispanic/Latina,USA,Master's in Public Health,Joseph,M,70,White,USA,PhD,Retired Professor,"""Joseph, you've been very insightful in our discussions about health literacy. What do you think are some of the key skills people need to navigate the healthcare system effectively?"" ""I think the ability to critically evaluate health information is crucial. There's so much misinformation out there, especially online. People need to be able to distinguish between credible sources and unreliable ones. They also need to be able to communicate effectively with their healthcare providers and ask questions."" ""Absolutely. Critical thinking and communication skills are essential. We can discuss strategies for evaluating health information, like looking for evidence-based research and checking the credentials of the source. We can also practice asking open-ended questions and expressing concerns clearly to healthcare providers."" ""I agree. It's important for people to feel empowered to advocate for their own health. They need to understand their rights as patients and be able to make informed decisions about their care."" ""Exactly. We can explore resources that explain patient rights and responsibilities. We can also discuss the importance of shared decision-making, where patients and healthcare providers work together to develop a treatment plan that meets the patient's needs and preferences.""",Health Literacy,Communication & Healthcare,
2,1,Maria,F,45,Hispanic/Latina,USA,Master's in Public Health,David,M,62,White,USA,High School Diploma,Retired Construction Worker,"""David, last week we talked about the importance of preventative screenings. Many men, especially over 50, avoid getting their annual checkups. Why do you think that is?"" ""Well, Doc, if I feel alright, I don't see the point. Besides, going to the doctor's a hassle. Waiting rooms, poking and prodding… I'd rather be fishing."" ""I understand. But those screenings can catch things early, like high blood pressure or even certain cancers, when they're much easier to treat. Think of it like maintaining your car – a little preventative maintenance can save you from big trouble down the road. We can also talk about strategies to make doctor visits less of a hassle, like scheduling appointments at less busy times."" ""Hmm, I guess I see your point. My dad ignored his health and… well, it wasn't pretty. Maybe I should rethink this.""",Preventative Screenings,Preventive Health & Checkups,
2,2,Maria,F,45,Hispanic/Latina,USA,Master's in Public Health,Aisha,F,38,Black/African American,USA,Some College,Administrative Assistant,"""Aisha, we've discussed healthy eating. What are some challenges you face in trying to maintain a healthy diet for your family?"" ""Time is a big one. I work full-time, and by the time I get home, I'm exhausted. Fast food is just so convenient. And my kids are picky eaters!"" ""I hear you. Many families face similar challenges. We can explore some time-saving strategies, like meal prepping on the weekends or finding quick, healthy recipes. We can also discuss ways to introduce new foods to children without turning mealtimes into a battleground."" ""Meal prepping… I've heard of that. Maybe we could talk more about that. And those picky eaters... any tips on that would be a lifesaver!""",Healthy Diet for Family,Nutrition & Healthy Eating,
2,3,Maria,F,45,Hispanic/Latina,USA,Master's in Public Health,Kenji,M,50,Asian/Japanese,USA,Bachelor's Degree,Software Engineer,"""Kenji, we've talked about managing stress. What stress management techniques have you found helpful, or what are you interested in trying?"" ""Honestly, I don't do much. Work is demanding, and I tend to just power through. I know it's not healthy, but I haven't found anything that really works."" ""It's important to find healthy ways to cope with stress. We can explore different options, like mindfulness exercises, yoga, or even just spending time in nature. It's about finding what fits into your lifestyle and helps you to relax and recharge."" ""Mindfulness… I've read about that. Maybe I should give it a try. I also used to enjoy hiking, but haven't done it in years.""",Stress Management,Mental Health & Stress Management,
2,4,Maria,F,45,Hispanic/Latina,USA,Master's in Public Health,Fatima,F,28,Arab/Lebanese,USA,Associate's Degree,Daycare Provider,"""Fatima, we've discussed the importance of regular physical activity. What kind of activities do you enjoy, or what would you like to try?"" ""I used to dance when I was younger, but haven't done it in a while. I'd love to get back into it, but I'm not sure where to start."" ""That's great! Dancing is a wonderful way to get exercise. We can explore different dance classes or even online resources. We can also discuss ways to incorporate more movement into your daily routine, even if it's just taking the stairs instead of the elevator."" ""That sounds fun! I'll look into some dance studios in the area. And you're right, even small changes can make a difference.""",Regular Physical Activity,Physical Activity & Exercise,
2,5,Maria,F,45,Hispanic/Latina,USA,Master's in Public Health,Robert,M,35,White,USA,GED,Truck Driver,"""Robert, we've discussed the importance of sleep. How would you rate the quality of your sleep?"" ""Not great. I work irregular shifts, so my sleep schedule is all over the place. I'm often tired, even on my days off."" ""Irregular sleep patterns can definitely impact your health. We can discuss strategies for improving sleep hygiene, even with a fluctuating schedule. Things like creating a relaxing bedtime routine, avoiding caffeine before bed, and making sure your bedroom is dark and quiet."" ""That sounds helpful. My bedroom could definitely use some work. And I do drink a lot of coffee to stay awake on my shifts.""",Importance of Sleep,Sleep,
3,1,    ,F,45,White British,UK,Master's in Public Health,,M,62,Indian British,UK,High School Diploma,Retired Shop Owner,"""So, we've discussed the importance of regular check-ups. Mr. Patel, you mentioned your father had some health issues later in life. Do you feel this influences your own approach to preventative care?"" ""Definitely. My father, he didn't go to the doctor unless he was practically on his deathbed. It was a cultural thing, you know? 'Man up' and all that. But I saw the consequences. I try to be more proactive. I get my blood pressure checked regularly, and I'm more conscious of my diet, especially now that I'm retired. I’ve seen how important it is, especially for the Indian community, where diabetes is more common."" ""That's excellent, Mr. Patel. Being aware of your family history and taking proactive steps is crucial. We'll talk more about culturally sensitive healthcare practices next week, which ties into what you've mentioned."" ""Good, because sometimes the advice feels very general. It’s hard to know what applies specifically to me.""",Preventative Care,Preventive Health & Checkups,
3,2,    ,F,45,White British,UK,Master's in Public Health,,F,38,Black Caribbean,UK,Bachelor's Degree,Social Worker,"""We’ve talked about accessing reliable health information. Ms. Johnson, you work in social services. Do you find your clients face any particular challenges in this area?"" ""Absolutely. Many of my clients struggle with health literacy. They might not understand medical jargon, or they might be hesitant to ask questions. There's also the issue of trust, especially within the Black community. Historically, there have been negative experiences with the healthcare system, which creates understandable apprehension. Finding culturally competent healthcare providers is a big challenge."" ""That’s a very important point. Building trust is essential. We'll be discussing strategies for communicating effectively with patients from diverse backgrounds, including addressing potential cultural barriers."" ""That would be helpful. I often act as a sort of intermediary, explaining things in simpler terms. But it would be better if people felt empowered to ask questions themselves.""",Accessing Reliable Health Information,Communication & Healthcare,
3,3,    ,F,45,White British,UK,Master's in Public Health,,M,50,White British,UK,Vocational Training,Construction Worker,"""We've covered healthy eating. Mr. Smith, what are some of the challenges you face in maintaining a healthy diet given your work schedule?"" ""It’s tough. Long hours, often on building sites with limited options. Fast food is often the easiest choice. And to be honest, after a long day, I don’t always have the energy to cook a proper meal. My wife works evenings, so it’s just easier to grab something quick."" ""That's understandable. Time constraints are a major obstacle. Next week, we'll explore some quick and healthy meal ideas, and we'll also discuss the importance of mealprepping to overcome these kinds of barriers."" ""That would be great. I need some practical tips, things I can actually do.""",Healthy Eating,Nutrition & Healthy Eating,
3,4,    ,F,45,White British,UK,Master's in Public Health,,F,28,Polish,UK,University Degree,Teacher,"""We’ve talked about the importance of physical activity. Ms. Kowalski, you mentioned you enjoy running. How do you incorporate that into your busy schedule as a teacher?"" ""It’s a struggle, especially during the school year. But I try to run a few times a week, even if it’s just for 20 minutes. It helps me de-stress and keeps me energized. I also try to encourage my students to be active, even with small things like walking during breaks."" ""That's a great example. Finding ways to integrate activity into daily life is key. We'll discuss strategies for fitting exercise into even the most packed schedules, and we'll also touch on resources available in the community for different age groups."" ""Good. I'm always looking for new ideas to share with my students and also with my family.""",Physical Activity,Physical Activity & Exercise,
3,5,    ,F,45,White British,UK,Master's in Public Health,,M,70,Chinese British,UK,Some Secondary Education,Retired Restaurant Owner,"""We’ve discussed managing stress. Mr. Chen, you mentioned practicing Tai Chi. How has that helped you?"" ""Ah, Tai Chi. Very good for the mind and body. It helps me to relax, to focus. It’s a tradition in my culture. It’s gentle, but it keeps me moving. I also enjoy the social aspect of practicing with others. It's good for older people like me."" ""That’s wonderful. Mind-body practices like Tai Chi can be very beneficial. We’ll explore different stress management techniques, including mindfulness and relaxation exercises, and we’ll also discuss the importance of social connections for well-being."" ""Good. I think many people, especially now, experience much stress. It’s important to find ways to manage it.""",Managing Stress,Mental Health & Stress Management,
4,1,Maria,F,45,Hispanic/Latina,US,Master's in Public Health,David,M,38,White,US,High School Diploma,Construction Worker,"""David, last week we talked about the importance of regular check-ups. I was wondering if you've had a chance to think about scheduling yours?"" ""Yeah, not really. Work's been crazy. Plus, honestly, I feel fine. I don't see the point if nothing's wrong."" ""I understand you're busy, but preventative care is key. Many health issues don't show symptoms until they're advanced. Think about it like maintaining your truck – regular tune-ups prevent bigger problems down the road. A simple blood pressure check can catch hypertension early, for example."" ""I guess. My dad had high blood pressure."" ""That makes it even more important for you to be proactive. Knowing your family history is a valuable tool. We can discuss resources to help you find a doctor and schedule an appointment if you’d like."" ""Okay, maybe. I'll think about it.""",Regular Check-ups,Preventive Health & Checkups,
4,2,Maria,F,45,Hispanic/Latina,US,Master's in Public Health,Aisha,F,29,Black/African American,US,Bachelor's Degree,Social Worker,"""Aisha, you mentioned last week your struggles with finding healthy recipes that fit your cultural background. Did you have any luck exploring the resources I shared?"" ""Some, but it's still tough. A lot of the ""healthy"" versions of soul food just don't taste the same! It's hard to make my family happy with them."" ""I understand. Cultural relevance is essential for sustainable change. Have you considered adapting traditional recipes? Like, maybe using less oil or substituting certain ingredients? We could brainstorm some ideas together."" ""That's a good idea. I never thought about it that way. I'm so used to cooking things the way my grandmother did."" ""It's about finding a balance. You can honor your traditions while making healthier choices. We can also look at resources specifically focused on healthy soul food and other culturally relevant cuisines."" ""That would be great!""",Healthy Recipes,Nutrition & Healthy Eating,
4,3,Maria,F,45,Hispanic/Latina,US,Master's in Public Health,Kenji,M,52,Asian/Japanese,US,Associate's Degree,Small Business Owner,"""Kenji, you've been very quiet in class lately. Is everything alright?"" ""Yes, thank you. I'm just...thinking. We talked about stress management last week, and it's been on my mind. Running my business is incredibly stressful."" ""I can imagine. Stress can significantly impact our health. Have you tried any of the techniques we discussed, like deep breathing or mindfulness?"" ""I tried the deep breathing, but it’s hard to remember to do it when I’m in the middle of a crisis at work."" ""It takes practice. Maybe try setting reminders on your phone. Or even just taking a few minutes to step away from your work and focus on your breath. Even short bursts of mindfulness can help."" ""I’ll try that. Thank you.""",Stress Management,Mental Health & Stress Management,
4,4,Maria,F,45,Hispanic/Latina,US,Master's in Public Health,Sarah,F,60,White,US,Some College,Retired Teacher,"""Sarah, you mentioned an interest in learning more about managing chronic conditions. We'll be covering that next week, but in the meantime, do you have any specific questions?"" ""Yes, I do. I have arthritis, and some days the pain is really bad. I'm worried about becoming too reliant on medication."" ""That's a valid concern. We'll discuss a holistic approach to managing chronic conditions, including lifestyle changes, exercise, and stress management, in addition to medication."" ""That sounds helpful. I’m open to trying different things."" ""That's a great attitude. Remember, managing chronic conditions is a journey. It’s about finding what works best for you and working closely with your healthcare provider."" ""Thank you.""",Managing Chronic Conditions,Chronic Disease Management,
4,5,Maria,F,45,Hispanic/Latina,US,Master's in Public Health,Ben,M,25,White,US,Bachelor’s Degree,Software Developer,"""Ben, I noticed you’ve been actively participating in the discussions. I appreciate your insights."" ""Thanks. I’m learning a lot. I'm particularly interested in the section on health technology."" ""Great! There are so many apps and wearable devices available now, but it's important to evaluate their credibility. We’ll be discussing how to identify reliable sources of health information online."" ""That's something I struggle with. There's so much conflicting information out there."" ""Absolutely. We’ll cover strategies for discerning credible sources from misinformation. We’ll also discuss the importance of consulting with healthcare professionals before making any significant changes to your health routine based on online information."" ""That makes sense. Thanks.""",Health Technology,Specific Topics & Behaviors,
5,1,,F,45,White British,UK,Master's in Public Health,,M,62,Indian,UK,High School Diploma,Retired Shop Owner,"""So, we've talked about healthy eating on a budget. Many find it challenging. What are some of the biggest hurdles you've encountered or heard about?"" ""Time, mostly. My wife and I, we're older, but still busy. Cooking fresh every night? Difficult. And sometimes, the healthy options cost more. Especially the fruits and vegetables. My son's family, they struggle too. Both working, two kids… takeaways are easier."" ""Absolutely. Time is a huge factor. We'll discuss some time-saving strategies next week, like batch cooking and utilizing frozen vegetables. Cost is another valid point. We’ll also explore resources like local food banks and community gardens that can help access fresh produce affordably."" ""That would be great. My wife makes a good curry, but I'm not sure if it's always the healthiest way to cook."" ""We can definitely look at adapting traditional recipes to be healthier. Using less oil, more vegetables, things like that. It’s about making small, sustainable changes.""",Healthy Eating on a Budget,Nutrition & Healthy Eating,
5,2,,F,45,White British,UK,Master's in Public Health,,F,38,Nigerian,UK,Bachelor's Degree,Nurse,"""We've discussed the importance of regular physical activity. What are some of the barriers you see, especially within your community?"" ""For women, sometimes it's cultural. Some feel uncomfortable exercising in public, especially in certain clothing. Childcare is another issue. Many mothers struggle to find time for themselves. And the cost of gym memberships can be prohibitive."" ""Those are important points. We can explore different types of physical activity that can be done at home, like dancing or following online workout videos. We can also discuss community programs that offer affordable or free exercise classes, and resources for childcare support."" ""That would be very helpful. Many women in my community would benefit from this information."" ""Great. We can also talk about the benefits of incorporating physical activity into daily routines, like walking or cycling instead of driving short distances.""",Regular Physical Activity,Physical Activity & Exercise,
5,3,,F,45,White British,UK,Master's in Public Health,,M,25,Pakistani,UK,Some College,Delivery Driver,"""Today, we’re discussing stress management. What are some common stressors you face?"" ""Work is a big one. Long hours, pressure to meet targets… it's stressful. Also, family responsibilities. I help care for my younger siblings, and sometimes it feels like there's not enough time for myself."" ""Absolutely. It's important to find healthy ways to cope with stress. We'll be discussing techniques like deep breathing exercises, mindfulness, and time management strategies. We can also explore community resources for stress management, like support groups or counseling services."" ""Time management is something I really need help with. I feel like I'm always rushing, and that just adds to the stress."" ""We can work on that. Even small changes can make a big difference. We'll also talk about the importance of sleep and its impact on stress levels.""",Stress Management,Mental Health & Stress Management,
5,4,,F,45,White British,UK,Master's in Public Health,,F,50,Caribbean,UK,High School Diploma,Caregiver,"""We've talked about the importance of regular health screenings. What are some of the reasons people might avoid getting them?"" ""Fear, sometimes. People are afraid of what the doctor might find. Also, lack of information. Some people don't know what screenings they need or where to get them. And for some, it's a matter of access. Getting an appointment can be difficult, especially if you don't have transportation."" ""Those are all valid concerns. We'll discuss the importance of preventative care and the benefits of early detection. We can also talk about how to find reliable health information and how to access healthcare services in the community."" ""That would be very helpful. I know some people in my community who would benefit from this information."" ""Great. We can also discuss the importance of building a good relationship with a healthcare provider, so people feel comfortable asking questions and getting the support they need.""",Regular Health Screenings,Preventive Health & Checkups,
5,5,,F,45,White British,UK,Master's in Public Health,,M,30,Polish,UK,Bachelor's Degree,IT Specialist,"""Today, we’re discussing the importance of good mental health. What are some things you do to maintain your mental wellbeing?"" ""I try to exercise regularly. It helps me clear my head and reduce stress. I also try to spend time with friends and family. Social connection is important to me."" ""That's great. Exercise and social connection are both very important for mental wellbeing. We'll also discuss other strategies, like mindfulness, meditation, and getting enough sleep. And we'll talk about when it's important to seek professional help."" ""Sometimes, I feel overwhelmed with work. It's hard to switch off."" ""We can discuss strategies for managing work-related stress, like setting boundaries and prioritizing tasks. We can also explore resources for mental health support in the community.""",Good Mental Health,Mental Health & Stress Management,
6,1,,F,45,White British,UK,Master's Degree in Public Health,,M,62,Indian British,UK,High School Diploma,Retired factory worker,"""Welcome back, everyone. Today, we're discussing preventative health measures. Mr. Patel, you mentioned last week your concerns about diabetes in your family."" ""Yes, it runs in my family. My father had it, and I worry about my children. I try to eat healthy, but sometimes it’s difficult with all the tempting foods around."" ""Absolutely. It's about making informed choices. We'll discuss portion control and reading food labels today. Did you know that even small changes can make a big difference in managing your risk?"" ""Really? I thought it was all about giving up everything I enjoy."" ""Not necessarily. It's about balance. We can explore some strategies for incorporating healthier options into your existing diet rather than complete overhauls. We'll also touch on the importance of regular exercise, even gentle activity like walking."" ""That sounds more manageable. I can do more walking. Thank you."" ""Great! Let's delve into some specific examples.""",Preventative Health Measures,Preventive Health & Checkups,
6,2,,F,45,White British,UK,Master's Degree in Public Health,,F,38,Black Caribbean,UK,Some College,Works part-time as a care assistant,"""So, we've talked about diet and exercise. Another crucial aspect of family health is mental wellbeing. Ms. Johnson, you’ve been quite engaged in our discussions about stress management."" ""Yes, it's a big issue. Juggling work, family, and everything else can be overwhelming. I often feel I have no time for myself."" ""That's a common feeling. We'll be exploring some practical stress reduction techniques today, like mindfulness and breathing exercises. Even a few minutes a day can make a difference."" ""I've heard about mindfulness, but I'm not sure how to do it."" ""We'll guide you through some simple exercises. It's about learning to be present in the moment. We'll also discuss resources available in the community for additional support if needed."" ""That would be helpful. Sometimes I feel like I'm the only one struggling."" ""You're definitely not alone. Many people experience similar challenges. We're here to support each other.""",Mental Well-being,Mental Health & Stress Management,
6,3,,F,45,White British,UK,Master's Degree in Public Health,,M,50,Pakistani British,UK,Bachelor's Degree,Works as a software engineer,"""Mr. Khan, last session you mentioned challenges communicating about health issues within your family."" ""Yes, sometimes it's difficult to talk openly, especially about sensitive topics like mental health or reproductive health."" ""Absolutely. Open communication is vital for family health. Today, we’ll be discussing strategies for effective communication, including active listening and creating a safe space for dialogue."" ""That sounds useful. Sometimes I feel like my children don't listen to me, and I also struggle to understand their perspective."" ""We'll explore different communication styles and how to bridge generational gaps. We’ll also discuss cultural sensitivities and how to approach these conversations with respect and understanding."" ""I appreciate that. It’s important to me that we can talk openly as a family."" ""Indeed. It’s a skill that can be learned and practiced.""",Communication about Health Issues,Communication & Healthcare,
6,4,,F,45,White British,UK,Master's Degree in Public Health,,F,28,Polish,UK,Vocational Training,Works as a hairdresser,"""Ms. Kowalska, you expressed interest in learning more about children's health."" ""Yes, I have a young daughter, and I want to make sure I'm doing everything I can to keep her healthy."" ""That’s wonderful. Today, we'll discuss childhood nutrition, vaccinations, and developmental milestones. We'll also touch on the importanceof play and creating a nurturing environment."" ""Vaccinations can be confusing. There's so much information online."" ""We can clarify any questions you have and discuss the recommended vaccination schedule. We’ll also look at reliable sources of information so you can make informed decisions."" ""That would be great. I want to make sure she’s protected."" ""Absolutely. We'll also discuss common childhood illnesses and when to seek medical attention.""",Children's Health,Parenting & Child Health,
6,5,,F,45,White British,UK,Master's Degree in Public Health,,M,70,Irish,UK,Primary School Education,Retired,"""Mr. O'Connell, you mentioned your interest in staying active in retirement."" ""Yes, I want to keep fit and healthy, but I'm not sure what kind of exercise is suitable for me at my age."" ""That’s a great goal. We'll discuss the importance of physical activity for older adults and explore different options, from gentle exercises like chair yoga to walking and gardening."" ""Chair yoga? I’ve never heard of that."" ""It’s a great way to improve flexibility and strength without putting too much strain on your joints. We can try some simple exercises today. We'll also discuss the importance of balance and fall prevention."" ""That’s important. I’ve had a few falls recently."" ""We can discuss some strategies for improving balance and making your home safer. We’ll also touch on the importance of social engagement and staying connected with your community."" ""That sounds good. I’d like to stay active and independent for as long as possible."" ""Absolutely. We'll equip you with the knowledge and resources to do just that.""",Staying Active in Retirement,Physical Activity & Exercise,
7,1,,F,45,White,USA,Master's in Public Health,,M,62,Hispanic/Latino,USA,High School Diploma,Retired Construction Worker,"""So, we've talked about nutrition labels. Mr. Rodriguez, can you tell me one thing you look for now that you might have overlooked before?"" ""Yeah, well, I used to just grab whatever looked good. Now I check the sugar. My doctor said I need to watch that. I didn't realize how much sugar is in, like, everything. Even stuff you think is healthy, like some yogurts, bam! Tons of sugar. It's eye-opening. I'm trying to cut back, you know? It's hard, though. Habits are hard to break after all these years."" ""Absolutely. It's a process, and small changes add up. You're doing great just by being more aware. We’ll talk more about strategies for healthy eating habits next week. Any questions about the label reading we covered today?"" ""Nah, I think I got it. It's a lot to take in, but I'm starting to get the hang of it.""",Nutrition Labels,Nutrition & Healthy Eating,
7,2,,F,45,White,USA,Master's in Public Health,,F,38,Black/African American,USA,Some College,Home Health Aide,"""We've discussed the importance of regular check-ups. Ms. Johnson, what are some of the benefits you see in going to the doctor regularly?"" ""Well, for me, it's peace of mind. Knowing everything is okay, or catching something early. Like with my blood pressure. I didn't even know it was high until my last check-up. Now I'm on medication, and I feel so much better. I also learned about managing my stress, which was a big contributor. If I hadn't gone, I would have been clueless."" ""That’s a great example. Preventative care is key. It’s about being proactive about your health, not just reacting when something goes wrong. It's also a good time to ask questions and get personalized advice."" ""Exactly. I used to be nervous to ask questions, but now I realize that's what the doctor is there for. They work for me.""",Regular Check-Ups,Preventive Health & Checkups,
7,3,,F,45,White,USA,Master's in Public Health,,M,50,Asian/Chinese,USA,Bachelor's Degree,Accountant,"""Today, we talked about stress management. Mr. Chen, what are some stress management techniques you've found helpful?"" ""For me, it's exercise. Going for a run or doing some Tai Chi helps clear my head. It's also good for my body. I also try to make time for hobbies, like playing the piano. It's important to have an outlet."" ""Excellent points. Finding what works for you is crucial. It's not a one-size-fits-all approach. And it's not just about the big things. Even small things, like taking a few deep breaths, can make a difference in the moment."" ""That's true. I'm trying to be more mindful of those little moments of stress and address them before they become overwhelming.""",Stress Management,Mental Health & Stress Management,
7,4,,F,45,White,USA,Master's in Public Health,,F,28,White,USA,Associate's Degree,Administrative Assistant,"""We've covered many aspects of family health, including communication. Ms. Smith, why do you think communication is so important in maintaining a healthy family?"" ""I think it's everything. If you can't talk openly and honestly, how can you address problems or support each other? Like with my kids, if I don't communicate clearly about expectations, they get confused. And if I don't listen to them, I miss out on what's going on in their lives."" ""That's a great point. Active listening is a key component of effective communication. It's not just about hearing the words, but also understanding the emotions behind them."" ""I'm working on that. It's hard sometimes, especially when I'm stressed or tired, but I know it's important.""",Communication,Communication & Healthcare,
7,5,,F,45,White,USA,Master's in Public Health,,M,70,Native American/Indigenous,USA,Some High School,Retired Farmer,"""We've discussed the importance of staying active at any age. Mr. Two Rivers, what are some ways you stay active?"" ""Well, I still do some gardening, even though I'm retired. I also like to take walks in the woods. It's peaceful, and it helps me stay connected to nature. I can't do what I used to, but I try to keep moving."" ""That's wonderful. Staying active doesn't have to mean running marathons. It's about finding activities you enjoy and that you can do safely. Even small amounts of activity can make a big difference in your overall health."" ""That's what I'm learning. It's about quality of life, not just quantity.""",Staying Active,Physical Activity & Exercise,
8,1,,F,45,White British,UK,Master's in Public Health,,M,62,Indian British,UK,High School Diploma,Retired factory worker,"""Welcome back everyone. Today we're discussing preventative care. Mr. Patel, you mentioned last week you were curious about cholesterol screenings. What are your thoughts on their importance?"" ""Well, I've always been told they're good, but I never really understood why. My doctor just says 'keep it low.' What does 'low' even mean?"" ""That's a great question. Cholesterol is a type of fat in your blood. Too much can build up and increase your risk of heart disease. The screening measures different types of cholesterol. We can discuss the specifics later, but the 'low' your doctor refers to is a target range for your overall cholesterol level, and also for the 'bad' cholesterol, LDL."" ""So, it's not just one number? That makes more sense. And how often should I be getting checked?"" ""That depends on your age, family history, and other risk factors. Guidelines generally recommend every 4-6 years for most adults, but your doctor might suggest more frequent screenings.""",Cholesterol Screenings,Preventive Health & Checkups,
8,2,,F,45,White British,UK,Master's in Public Health,,F,38,Nigerian British,UK,Bachelor's Degree,Social Worker,"""We've talked about physical health. Ms. Adebayo, how do you think mental health plays a role in family health?"" ""It's crucial, but often overlooked. If someone in the family is struggling with depression or anxiety, it impacts everyone. Communication breaks down, stress levels rise..."" ""Exactly. And children are particularly sensitive to the emotional climate at home. Mental health isn't just an individual issue; it's a family issue."" ""I've seen families where one parent's mental health struggles affect the children's school performance and behavior. It's a ripple effect."" ""Absolutely. And sometimes, cultural stigma can prevent people from seeking help. We need to create a safe space to discuss these issues openly.""",Mental Health,Mental Health & Stress Management,
8,3,,F,45,White British,UK,Master's in Public Health,,M,55,Italian British,UK,Vocational Training,Construction Worker,"""Let’s talk about nutrition. Mr. Rossi, what are some common challenges families face in maintaining a healthy diet?"" ""Time. Everyone's so busy. Fast food is just easier sometimes. And it's cheaper."" ""You've hit on two key points: time and cost. Healthy eating doesn't have to be complicated or expensive. We can explore some quick, budget-friendly meal ideas."" ""My wife says we should eat more vegetables, but my kids are picky. They only want pasta and pizza."" ""That's a common struggle. We can discuss strategies for introducing new foods and making healthier versions of family favorites. It's about making small, sustainable changes.""",Nutrition,Nutrition & Healthy Eating,
8,4,,F,45,White British,UK,Master's in Public Health,,F,28,Polish British,UK,University Degree,Teacher,"""Today, we're discussing the importance of regular physical activity. Ms. Kowalski, what are some ways families can incorporate more movement into their daily routines?"" ""It's hard with work and school schedules. Weekends are usually the only time we can do anything together."" ""Weekends are great, but even small amounts of daily activity can make a big difference. Think about walking or biking to school or work, taking the stairs instead of the elevator..."" ""Those are good ideas. We could also try finding activities we enjoy doing together, like hiking or swimming."" ""Exactly. The key is to find something that's fun and sustainable for the whole family. It shouldn't feel like a chore.""",Regular Physical Activity,Physical Activity & Exercise,
8,5,,F,45,White British,UK,Master's in Public Health,,M,70,Jamaican British,UK,Secondary School,Retired Gardener,"""We've talked about various aspects of family health. Mr. Campbell, what's one thing you've learned in this course that you plan to implement in your own life?"" ""I've learned a lot about the connection between diet and health. I'm going to try to eat more fruits and vegetables. My doctor's been telling me for years, but now I understand why."" ""That's wonderful to hear. Small changes can make a big difference in the long run. Remember, it's about progress, not perfection."" ""And I'm going to talk to my family about getting regular checkups. It's important to catch things early."" ""Absolutely. Being proactive about your health is key. And remember, we're here to support you on your journey to better health.""",Diet and Health,Nutrition & Healthy Eating,
9,1,Maria,F,45,Hispanic/Latina,USA,Master's in Public Health,David,M,62,White,USA,High School Diploma,Retired Construction Worker,"""David, last week we discussed the importance of reading food labels. I noticed in our practice examples some confusion about serving sizes. Can you share what you found challenging?"" ""Yeah, well, it says 'serving size: 3 oz.' But who eats just 3 oz of chicken? I usually eat a whole breast, which is way more. So, the calories and fat listed, are those just for 3oz?"" ""Exactly. The nutritional information is per serving. So, if you eat the whole breast, you're consuming more than one serving, meaning you need to multiply the listed values. It's a common misconception. Many people overlook this and underestimate their intake."" ""Wow, I never realized that. That makes a big difference. I need to pay closer attention."" ""Absolutely. It's a crucial step in managing your diet, especially if you're watching your weight or have specific health concerns like diabetes.""","Reading Food Labels, Serving Sizes",Nutrition & Healthy Eating,
9,2,Maria,F,45,Hispanic/Latina,USA,Master's in Public Health,Aisha,F,38,Black/African American,USA,Some College,Home Health Aide,"""Aisha, we’ve talked about the importance of regular physical activity. What are some of the barriers you face in incorporating it into your daily routine?"" ""Time is a big one. I work long hours, and by the time I get home, I'm exhausted. Plus, my neighborhood isn't the safest for walking at night."" ""Those are valid concerns. Have you considered shorter bursts of activity throughout the day? Even 10-15 minutes of brisk walking or dancing can make a difference. Perhaps you could find some exercise videos you enjoy and do them at home?"" ""I hadn't thought about breaking it up like that. And the videos are a good idea. I like to dance. I’ll look into that."" ""Great! Remember, any movement is better than none. Start small and gradually increase the duration and intensity.""",Regular Physical Activity,Physical Activity & Exercise,
9,3,Maria,F,45,Hispanic/Latina,USA,Master's in Public Health,Kenji,M,50,Asian/Japanese,USA,Bachelor's Degree,Accountant,"""Kenji, we discussed stress management techniques last week. How have you been doing with the mindfulness exercises we practiced?"" ""Honestly, I've been struggling to find the time to do them consistently. My work is very demanding, and I often bring it home with me."" ""I understand. It's challenging to prioritize self-care when you're busy. Perhaps you could try incorporating shorter mindfulness breaks throughout your workday? Even a few minutes of deep breathing can be beneficial."" ""That's a good suggestion. I could probably squeeze in 5 minutes here and there. I’ll try that."" ""Excellent. Remember, consistency is key. Even small, regular practices can have a cumulative effect over time.""",Stress Management Techniques,Mental Health & Stress Management,
9,4,Maria,F,45,Hispanic/Latina,USA,Master's in Public Health,Sarah,F,28,White,USA,Associate's Degree,Administrative Assistant,"""Sarah, we've talked about the importance of preventative health screenings. Have you scheduled your annual check-up yet?"" ""Not yet. I've been putting it off. I'm a bit nervous about it, to be honest."" ""I understand. It's normal to feel anxious about medical appointments. Is there anything specific you're concerned about?"" ""Just the thought of something being wrong. I know it's important, but I get really stressed out."" ""I hear you. Remember, preventative screenings are about being proactive about your health. They can help detect potential issues early when they're often easier to treat. Try to focus on the positive aspects of taking care of yourself.""",Preventative Health Screenings,Preventive Health & Checkups,
9,5,Maria,F,45,Hispanic/Latina,USA,Master's in Public Health,Omar,M,35,Middle Eastern/Lebanese,USA,High School Diploma,Small Business Owner,"""Omar, we discussed the importance of healthy communication within families. How have you been applying some of the techniques we talked about?"" ""It's been a work in progress. Especially with my teenage son. We have very different communication styles."" ""That's common. Teenagers are going through a lot of changes, and it can be challenging to bridge the communication gap. Have you tried active listening?"" ""I'm trying, but it's hard not to jump in with my own opinions and advice."" ""It takes practice. Try to focus on truly understanding his perspective before offering your own. Ask open-ended questions and reflect back what you're hearing.""",Healthy Communication within Families,Communication & Healthcare,
10,1,,F,45,White British,UK,Master's in Public Health,,M,62,Indian,UK,High School Diploma,Retired Shop Owner,"""Welcome back, everyone. Last week we discussed the importance of regular check-ups. Mr. Patel, you mentioned you had some concerns about the information on recommended screenings for men over 60."" ""Yes, I did. It seemed like there were so many things. Prostate cancer, cholesterol, blood pressure… it’s a bit overwhelming. I’ve always been healthy, never really had to worry about these things. But my son keeps telling me I should get checked."" ""That’s a common feeling. Preventative screenings are important, even when you feel healthy. Many conditions don't show symptoms until they're advanced. Early detection makes treatment much more effective. We can go over the specific recommendations for your age group again, and discuss what each screening entails. It’s also good to talk to your doctor about your individual risk factors."" ""That would be helpful. I’m not even sure what some of these tests are. And what about diet? I’ve been eating the same way for years."" ""We'll be covering nutrition next week. It's a crucial part of family health. We can discuss how dietary changes can impact your overall health and reduce the risk of certain diseases.""",Recommended Screenings for Men over 60,Preventive Health & Checkups,
10,2,,F,45,White British,UK,Master's in Public Health,,F,38,Black Caribbean,UK,Some College,Nurse's Assistant,"""So, we've talked about physical health. Let's shift to mental well-being. Mrs. Johnson, you had some thoughts about the stress of balancing work and family."" ""Yes, it's been tough. Working nights, trying to be there for my kids, it takes a toll. I feel constantly drained and anxious. I know it's not good for me, or my family."" ""You're not alone. Many people struggle with similar challenges. Stress management is a key aspect of family health. We'll explore different techniques like mindfulness, exercise, and setting boundaries. It's also important to recognize when stress becomes overwhelming and to seek professional help if needed."" ""I’ve heard about mindfulness. I’m not sure how it works."" ""We can do a brief guided meditation in class today. It's a great way to experience it firsthand. We'll also discuss resources available in the community for mental health support.""",Stress of Balancing Work and Family,Mental Health & Stress Management,
10,3,,F,45,White British,UK,Master's in Public Health,,M,29,Pakistani,UK,Bachelor's Degree,IT Professional,"""We’ve talked about the importance of open communication within families, especially regarding health. Mr. Khan, you mentioned cultural sensitivities around discussing certain topics."" ""Yes, in my culture, talking about things like mental health or reproductive health can be seen as taboo. It makes it difficult to get the information we need."" ""I understand. It’s important to respect cultural norms while also ensuring access to vital health information. We can discuss strategies for approaching these sensitive conversations in a respectful and culturally appropriate manner. Perhaps focusing on the impact on the whole family's well-being can be a helpful approach."" ""That makes sense. It’s about protecting my family, after all."" ""Exactly. We can also explore resources that are tailored to different cultural backgrounds.""",Cultural Sensitivities Around Discussing Certain Topics,Communication & Healthcare,
10,4,,F,45,White British,UK,Master's in Public Health,,F,55,Polish,UK,Vocational Training,Cleaner,"""Today, we’re discussing healthy aging. Mrs. Kowalski, you mentioned concerns about staying active as you get older."" ""Yes, I’m starting to feel aches and pains more. I’m not as mobile as I used to be. I worry about becoming a burden on my family."" ""Staying active is crucial for healthy aging. It doesn't have to be strenuous exercise. Even gentle activities like walking, gardening, or chair yoga can make a big difference. We can discuss ways to adapt activities to your physical abilities and find resources in the community that offer senior-friendly programs."" ""Chair yoga? I’ve never heard of that."" ""It's a great option for people with limited mobility. We can look at some examples and discuss the benefits.""",Staying Active As They Get Older,Physical Activity & Exercise,
10,5,,F,45,White British,UK,Master's in Public Health,,M,42,Nigerian,UK,Bachelor's Degree,Teacher,"""We've covered many aspects of family health. Mr. Adebayo, you had some questions about navigating the healthcare system."" ""Yes, it can be confusing. Especially with the NHS and all the different services. I’m not always sure where to go for what."" ""Navigating the healthcare system can be challenging. We can discuss the different levels of care, from general practitioners to specialists, and how to access them. We can also explore online resources and patient support groups that can provide guidance. Understanding your rights as a patient is also very important."" ""That would be very helpful. I sometimes feel like I don’t know what questions to ask."" ""We can work on that. We can practice formulating questions for your doctor and discuss how to advocate for your health needs.""",Navigating The Healthcare System,Communication & Healthcare ,
