Batch,№,Counselor Name,Counselor Sex,Counselor Age,Counselor Race,Counselor Country of Origin,Counselor Education,Client Name,Client Sex,Client Age,Client Race,Client Country of Origin,Client Education,Client Employment,Description,Subject,Human Verified
1,1,Dr. Priya Sharma,F,42,Indian,Canada,PhD in Career Psychology,Michael Thompson,M,34,Caucasian,Canada,Bachelor’s in Business Administration,Unemployed,"Dr. Sharma: Michael, we’ve discussed your skills and interests over the past few sessions. How do you feel about transitioning into a project management role, as we explored last time? Michael: I’ve been thinking about it, but I’m still unsure. My background is in sales, and I’m not sure if I have the technical skills for project management. Dr. Sharma: That’s a valid concern. However, your experience in sales has given you strong communication and negotiation skills, which are crucial for project management. Have you considered taking a certification course, like PMP, to bridge the gap? Michael: I’ve heard of PMP, but it seems time-consuming and expensive. Do you think it’s worth it? Dr. Sharma: It’s an investment, but it can significantly boost your employability. Many professionals in your position have found it transformative. Alternatively, you could start with smaller projects in your current network to gain experience. Michael: That makes sense. I’ll look into it. I’m just worried about my age—I’m 34, and I feel like I’m starting over. Dr. Sharma: Age is just a number, Michael. Many people pivot careers later in life. What’s important is that you’re taking proactive steps toward a fulfilling career. Let’s create a step-by-step plan to get you there.",Transitioning to project management,✅
1,2,Mr. James Carter,M,50,African American,USA,Master’s in Career Development,Maria Gonzalez,F,28,Hispanic,USA,Associate’s Degree in Graphic Design,Part-time freelance designer,"Mr. Carter: Maria, last time we talked about your desire to work full-time in a creative agency. Have you made any progress? Maria: I’ve applied to a few places, but I haven’t heard back. I’m starting to feel discouraged. Mr. Carter: Job searching can be tough, but persistence pays off. Let’s review your portfolio and resume. Are they tailored to the roles you’re applying for? Maria: I think so, but maybe they’re not standing out enough. Mr. Carter: Consider adding more recent projects and showcasing your versatility. Also, networking is key in the creative industry. Have you attended any design events or reached out to professionals on LinkedIn? Maria: Not really. I’m shy about reaching out to people I don’t know. Mr. Carter: I understand, but networking doesn’t have to be intimidating. Start by commenting on posts or joining online design communities. Building relationships can open doors. Maria: That’s a good idea. I’ll give it a try. I just want to feel more stable in my career. Mr. Carter: Stability will come with time and effort. Let’s set a goal for you to connect with at least three professionals this week.",Full-time work in a creative agency,✅
1,3,Ms. Emily Zhang,F,38,Chinese,Australia,Master’s in Career Counselling,Ahmed Ali,M,30,Middle Eastern,Australia,Bachelor’s in Engineering,Junior engineer,"Ms. Zhang: Ahmed, last session we discussed your interest in moving into a leadership role. How do you feel about that now? Ahmed: I’m still interested, but I’m not sure if I’m ready. I’ve only been in my current role for two years. Ms. Zhang: Leadership isn’t just about years of experience; it’s about mindset and skills. Have you taken on any leadership tasks at work, even informally? Ahmed: I’ve led a few small projects, but nothing major. Ms. Zhang: That’s a great start. Leadership often begins with small steps. Have you considered asking your manager for more responsibilities or mentoring opportunities? Ahmed: I haven’t, but I’m worried about being seen as too ambitious. Ms. Zhang: Ambition is a good thing when paired with humility and a willingness to learn. Frame your request as a desire to grow and contribute more to the team. Ahmed: That makes sense. I’ll talk to my manager next week. Ms. Zhang: Excellent. Let’s also explore leadership training programs that could help you build confidence and skills.",Moving into a leadership role,✅
1,4,Dr. Sarah Johnson,F,45,Caucasian,UK,PhD in Career Guidance,Fatima Ahmed,F,26,South Asian,UK,Master’s in Public Health,Non-profit organization,"Dr. Johnson: Fatima, last time we discussed your interest in transitioning to a policy-making role. Have you made any progress? Fatima: I’ve been researching roles, but they all require experience I don’t have. Dr. Johnson: Policy roles can be competitive, but your public health background is a strong foundation. Have you considered volunteering or interning to gain relevant experience? Fatima: I hadn’t thought of that. Do you think it’s worth it, even though I already have a Master’s? Dr. Johnson: Absolutely. Volunteering can help you build connections and demonstrate your commitment to the field. It’s also a way to test if policy work is the right fit for you. Fatima: That’s a good point. I’ll look into opportunities. I just feel like I’m behind compared to others my age. Dr. Johnson: Everyone’s career path is different. Focus on your unique strengths and the value you bring. Let’s create a plan to help you gain the experience you need.",Transitioning to a policy-making role,✅
1,5,Mr. David Kim,M,40,Korean,USA,Master’s in Career Counselling,Jessica Brown,F,32,Caucasian,USA,Bachelor’s in Communications,Retail management,"Mr. Kim: Jessica, we’ve talked about your desire to move into corporate communications. How do you feel about that goal now? Jessica: I’m still interested, but I’m not sure how to make the leap from retail management. Mr. Kim: Your management experience is valuable—it shows leadership and organizational skills. Have you considered highlighting transferable skills in your resume and cover letters? Jessica: I’ve tried, but I’m not sure if I’m doing it effectively. Mr. Kim: Let’s work on reframing your experience. For example, managing a team in retail involves communication, problem-solving, and stakeholder engagement—all relevant to corporate communications. Jessica: That’s a good way to look at it. I’m just worried about starting at a lower level than I am now. Mr. Kim: Transitioning careers often involves some trade-offs, but it’s about long-term growth. Let’s focus on finding roles that offer growth potential and align with your goals. Jessica: That sounds good. I’m ready to take the next step. Mr. Kim: Great. Let’s start by updating your resume and identifying target companies.",Moving into corporate communications,✅
2,1,Dr. Sarah Thompson,F,42,Caucasian,USA,PhD in Career Psychology,James Okafor,M,28,Nigerian,UK,Master’s in Data Science,Data analyst,"Dr. Thompson: ""James, we’ve discussed your career goals over the past few sessions. How do you feel about your progress in identifying your next steps?"" James: ""I’ve been reflecting on your advice about networking, and I’ve started attending industry events. But I’m still unsure if I should pursue a leadership role or specialize further in machine learning."" Dr. Thompson: ""That’s a common dilemma. Let’s weigh the pros and cons. Leadership roles often require soft skills like communication and team management. Do you feel confident in those areas?"" James: ""I’m comfortable with technical communication, but managing people is new to me. I’m worried I might not enjoy it."" Dr. Thompson: ""That’s valid. Specializing in machine learning could align more with your strengths. Have you considered roles like a senior data scientist or AI researcher?"" James: ""Yes, but I’m concerned about the rapid changes in the field. I don’t want to become obsolete."" Dr. Thompson: ""Continuous learning is key. Perhaps we can explore certifications or advanced courses to keep you competitive. Let’s also look at companies that value innovation and offer growth opportunities."" James: ""That sounds like a plan. I’ll research those options and report back next time.""",Leadership vs specialization in machine learning,✅
2,2,Ms. Priya Mehta,F,38,Indian,Canada,Master’s in Career Development,Maria Gonzalez,F,35,Hispanic,USA,Bachelor’s in Marketing,Retail management,"Ms. Mehta: ""Maria, last time we talked about transitioning from retail management to digital marketing. How has your job search been going?"" Maria: ""I’ve applied to a few positions, but I’m not getting many responses. I think my lack of digital experience is holding me back."" Ms. Mehta: ""That’s a common challenge. Have you considered taking online courses in SEO or social media marketing to bridge that gap?"" Maria: ""I’ve started a course on Google Analytics, but I’m not sure if it’s enough."" Ms. Mehta: ""Every step counts. Let’s also highlight your transferable skills, like team leadership and customer engagement, in your resume. Have you thought about freelancing to gain experience?"" Maria: ""Freelancing sounds intimidating, but it might be a good way to build a portfolio."" Ms. Mehta: ""Exactly. Start small, and use platforms like Upwork or Fiverr to find projects. This will also help you network with potential employers."" Maria: ""I’ll give it a try. Thanks for the encouragement!""",Transitioning from retail management to digital marketing,✅
2,3,Mr. David Kim,M,45,Korean-American,USA,Master’s in Counselling Psychology,Aisha Patel,F,30,Indian,UAE,Bachelor’s in Finance,Banking,"Mr. Kim: ""Aisha, we’ve been exploring your desire to shift from banking to entrepreneurship. How do you feel about the risks involved?"" Aisha: ""I’m excited but nervous. I’ve saved some money, but I’m not sure if it’s enough to start my own business."" Mr. Kim: ""Starting small can mitigate risks. Have you considered a side hustle while keeping your current job?"" Aisha: ""That’s a good idea. I’ve thought about offering financial consulting services on the side."" Mr. Kim: ""That’s a great start. It allows you to test the waters without fully committing. Have you identified your target market?"" Aisha: ""I’m thinking of focusing on small business owners who need help with financial planning."" Mr. Kim: ""Excellent. Let’s create a business plan and set short-term goals. This will help you stay focused and measure progress."" Aisha: ""I’ll work on that and share it with you next time.""",Shifting from banking to entrepreneurship,✅
2,4,Dr. Emily Zhang,F,40,Chinese-Canadian,Canada,PhD in Career Counselling,Carlos Rivera,M,32,Hispanic,USA,Associate’s Degree in IT,Tech Support,"Dr. Zhang: ""Carlos, we’ve discussed your interest in advancing your IT career. Have you made any progress toward earning additional certifications?"" Carlos: ""I’ve started studying for the CompTIA Security+ certification, but it’s challenging to balance with work."" Dr. Zhang: ""That’s understandable. Have you considered discussing flexible hours with your employer to dedicate more time to studying?"" Carlos: ""I haven’t, but it’s worth a try. I’m also worried about the cost of certifications."" Dr. Zhang: ""Many employers offer tuition reimbursement. Let’s explore if your company has such a program. Additionally, some certifications offer payment plans."" Carlos: ""That’s good to know. I’ll look into those options."" Dr. Zhang: ""Great. Let’s also identify roles that align with your certification goals, like cybersecurity analyst or network administrator."" Carlos: ""I’ll research those roles and update you next session.""",Advancing IT career with additional certifications,✅
2,5,Mr. Ahmed Hassan,M,50,Egyptian,UK,Master’s in Career Guidance,Sophie Bennett,F,29,Caucasian,Australia,Bachelor’s in Journalism,Freelance writer,"Mr. Hassan: ""Sophie, we’ve been discussing your desire to transition from freelance writing to a full-time editorial role. How has your job search been?"" Sophie: ""I’ve applied to a few positions, but I’m not getting interviews. I think my lack of formal editorial experience is the issue."" Mr. Hassan: ""That’s a common hurdle. Have you considered volunteering for online publications to build your portfolio?"" Sophie: ""I haven’t, but that’s a good idea. I could also reach out to my network for referrals."" Mr. Hassan: ""Networking is crucial. Let’s also tailor your resume to highlight your editing skills and any relevant projects."" Sophie: ""I’ll work on that. I’m also thinking of taking a course in copyediting to strengthen my credentials."" Mr. Hassan: ""That’s a proactive step. Let’s set a timeline for these actions and review your progress next time."" Sophie: ""Sounds like a plan. Thanks, Mr. Hassan!""",Transitioning from freelance writing to full-time editorial role,✅
3,1,Dr. Emily Carter,F,42,White,USA,PhD in Career Counseling,Michael Johnson,M,28,African American,USA,Bachelor’s in Marketing,Unemployed,"Dr. Carter: Michael, it’s great to see you again. Last time, we discussed your interest in digital marketing. How have you been exploring that since our last session? Michael: Thanks, Dr. Carter. I’ve been taking an online course in SEO and content marketing. I’m enjoying it, but I’m still unsure if this is the right path for me. Dr. Carter: That’s a great start. What specifically makes you doubt this path? Michael: I worry about job stability. I’ve heard the industry is competitive, and I don’t want to end up in another dead-end job. Dr. Carter: Valid concern. Let’s look at the data—digital marketing is growing, and specialization can make you stand out. Have you considered combining your marketing skills with another field, like data analysis? Michael: That’s an interesting idea. I’ve always been good with numbers. Do you think that would make me more employable? Dr. Carter: Absolutely. Many companies value hybrid skills. Let’s create a plan to build your expertise in both areas.",Interest in digital marketing,✅
3,2,Mr. Rajesh Patel,M,50,South Asian,UK,Master’s in Career Guidance,Sarah Thompson,F,35,White,UK,Master’s in Education,Primary School Teacher,"Mr. Patel: Sarah, welcome back. Last time, you mentioned feeling stuck in your teaching role. Have you had any new thoughts about your career direction? Sarah: Yes, I’ve been thinking about moving into educational consultancy or curriculum development. I love education but want a broader impact. Mr. Patel: That’s a natural progression. What steps have you taken to explore these options? Sarah: I’ve been networking with professionals in those fields and researching qualifications. But I’m worried about leaving the stability of teaching. Mr. Patel: Change is always daunting, but your experience is a strong foundation. Have you considered part-time consultancy while still teaching? Sarah: That’s a good idea. It would give me a chance to test the waters. Mr. Patel: Exactly. Let’s map out a timeline and identify key milestones for this transition.",Moving into educational consultancy or curriculum development,✅
3,3,Ms. Li Wei,F,38,Chinese,China,Master’s in Psychology,Hiroshi Tanaka,M,40,Japanese,Japan,Bachelor’s in Engineering,Mid-Level Manager in Manufacturing,"Ms. Li: Hiroshi, it’s good to see you again. Last session, we talked about your desire to move into a leadership role. How have you been progressing? Hiroshi: I’ve been taking leadership training courses, but I’m still unsure if I’m ready for a higher position. Ms. Li: Self-doubt is common when aiming for growth. What specific skills do you feel you’re lacking? Hiroshi: I struggle with strategic decision-making and managing larger teams. Ms. Li: Those are critical skills. Have you considered finding a mentor in your company to guide you? Hiroshi: I haven’t, but that sounds like a good idea. Ms. Li: Let’s identify potential mentors and create a plan to develop those skills.",Moving into a leadership role,✅
3,4,Dr. Maria Gonzalez,F,45,Hispanic,Mexico,PhD in Organizational Psychology,Carlos Rivera,M,32,Hispanic,Mexico,Bachelor’s in Business Administration,Sales Manager,"Dr. Gonzalez: Carlos, welcome back. Last time, we discussed your interest in transitioning to a corporate strategy role. How has that been going? Carlos: I’ve been researching the role and talking to colleagues, but I’m not sure if my sales experience is relevant. Dr. Gonzalez: Sales experience is highly transferable. Have you identified any gaps in your skills or knowledge? Carlos: I think I need to improve my financial analysis skills. Dr. Gonzalez: That’s a good observation. Let’s explore courses or certifications that can help you bridge that gap.",Transitioning to a corporate strategy role,✅
3,5,Mr. James O’Connor,M,55,White,Australia,Master’s in Career Development,Priya Desai,F,29,South Asian,Australia,Bachelor’s in IT,Software Developer,"Mr. O’Connor: Priya, it’s great to see you again. Last session, we talked about your interest in project management. How have you been exploring that? Priya: I’ve been shadowing a project manager at work, but I’m not sure if I have the right personality for it. Mr. O’Connor: Personality is important, but skills can be developed. What aspects of the role appeal to you? Priya: I like the idea of leading teams and delivering projects, but I’m not sure if I’m assertive enough. Mr. O’Connor: Assertiveness can be learned. Let’s work on building your confidence and leadership skills.",Interest in project management,✅
4,1,Dr. Priya Sharma,F,42,Indian,India,PhD in Career Psychology,Ahmed Khan,M,28,Pakistani,UAE,Bachelor’s in Business Administration,Retail management,"Dr. Priya: Ahmed, we’ve discussed your career aspirations over the past few sessions. How do you feel about transitioning from retail management to a corporate role? Ahmed: I’m excited but nervous. Retail has been my comfort zone, but I feel stagnant. I want to grow, maybe into supply chain management. Dr. Priya: That’s a great direction. Your retail experience gives you a strong foundation in logistics and customer needs. Have you explored certifications in supply chain management? Ahmed: Yes, I’ve looked into a few online courses. But I’m unsure if they’ll be enough to land a corporate job. Dr. Priya: Certifications are a good start, but networking is equally important. Have you considered attending industry events or connecting with professionals on LinkedIn? Ahmed: I’ve started reaching out, but I feel out of place. Many people in corporate roles seem to have more formal education. Dr. Priya: Remember, your hands-on experience is valuable. Highlight your achievements in retail—like improving sales or streamlining operations. Confidence is key. Ahmed: That makes sense. I’ll focus on building my network and updating my resume to reflect my strengths. Dr. Priya: Excellent. Let’s set a goal for next session: identify three networking events and draft a tailored resume.",Transitioning from retail management to a corporate role,✅
4,2,Mr. James Carter,M,50,African American,USA,Master’s in Career Development,Maria Gonzalez,F,34,Mexican American,USA,Associate’s Degree in Nursing,Licensed Practical Nurse,"Mr. Carter: Maria, last week we talked about your goal to become a registered nurse (RN). How’s your research going on RN programs? Maria: I found a few local schools offering accelerated programs. But balancing work and school seems overwhelming. Mr. Carter: It’s a big commitment, but it’s doable. Have you discussed flexible scheduling with your employer? Maria: Not yet. I’m worried they’ll say no. Mr. Carter: It’s worth asking. Many employers support further education, especially in healthcare. Let’s strategize how to approach them. Maria: Okay. I’m also concerned about the cost. Even with financial aid, it’s a lot. Mr. Carter: Have you looked into scholarships or employer tuition reimbursement programs? Maria: I haven’t. I didn’t think I’d qualify. Mr. Carter: Don’t sell yourself short. Your experience as an LPN makes you a strong candidate. Let’s explore those options together. Maria: That would be great. I feel more hopeful already.",Becoming a registered nurse (RN),✅
4,3,Ms. Li Wei,F,38,Chinese,China,Master’s in Career Counselling,Hiroshi Tanaka,M,31,Japanese,Japan,Bachelor’s in Computer Science,Software Developer,"Ms. Li: Hiroshi, last time we discussed your interest in moving into a leadership role. How do you feel about your progress? Hiroshi: I’ve started taking online courses in project management, but I’m not sure if it’s enough. Ms. Li: That’s a good start. Leadership also requires soft skills like communication and team management. Have you sought opportunities to lead projects at work? Hiroshi: Not yet. I’m hesitant to ask my manager. Ms. Li: Why is that? Hiroshi: I don’t want to seem overambitious. Ms. Li: Ambition is a strength, not a weakness. Frame it as a desire to grow and contribute more to the team. Hiroshi: That’s a good point. I’ll talk to my manager next week. Ms. Li: Great. Let’s also work on your elevator pitch for leadership roles.",Moving into a leadership role,✅
4,4,Dr. Emily White,F,45,Caucasian,Canada,PhD in Career Education,Fatima Al-Mansoori,F,29,Emirati,UAE,Bachelor’s in Marketing,Advertising,"Dr. Emily: Fatima, we’ve talked about your desire to start your own marketing agency. What steps have you taken so far? Fatima: I’ve created a business plan and started saving money. But I’m worried about failing. Dr. Emily: Fear of failure is natural. What’s your biggest concern? Fatima: Losing my savings and not finding clients. Dr. Emily: Have you considered starting part-time while keeping your current job? Fatima: That’s a good idea. I could test the waters without risking everything. Dr. Emily: Exactly. Let’s also explore mentorship opportunities. Having a guide can make a big difference.",Starting own marketing agency,✅
4,5,Mr. Samuel Okafor,M,47,Nigerian,Nigeria,Master’s in Career Guidance,Aisha Mohammed,F,26,Somali,Kenya,Diploma in Accounting,Bookkeeping,"Mr. Samuel: Aisha, last session we discussed your goal to become a certified public accountant (CPA). How’s your preparation going? Aisha: I’ve started studying, but the material is challenging. Mr. Samuel: It’s a tough exam, but you’re capable. Have you joined any study groups? Aisha: No, I’ve been studying alone. Mr. Samuel: Consider joining a group. Collaborative learning can help. Also, let’s look into tutoring options. Aisha: That sounds helpful. I’ll look into it. Mr. Samuel: Great. Let’s set a study schedule for the next month.",Becoming a certified public accountant (CPA),✅
5,1,Dr. Priya Sharma,F,42,Indian,Canada,PhD in Career Psychology,Michael Thompson,M,29,Caucasian,Canada,Bachelor’s in Business Administration,Unemployed,"Dr. Sharma: Michael, it’s good to see you again. Last time, we discussed your interest in transitioning into the tech industry. How have you been exploring that? Michael: Hi, Dr. Sharma. I’ve been taking online courses in data analysis and coding. I’m enjoying it, but I’m worried about my lack of formal experience. Dr. Sharma: That’s a great start. Upskilling is essential, but let’s also focus on how to leverage your business background. Have you considered roles like business analyst or product manager? Michael: I’ve thought about it, but I’m not sure how to position myself for those roles. Dr. Sharma: Your business degree is a strong foundation. Highlight your analytical skills and any projects you’ve worked on. Networking is also key—have you reached out to professionals in those roles? Michael: Not yet. I’m not sure how to approach them. Dr. Sharma: Let’s work on crafting a LinkedIn message template. Also, consider informational interviews to learn more about these roles. Michael: That sounds helpful. I’ll start working on that.",Transitioning into the tech industry,✅
5,2,Mr. Carlos Rivera,M,38,Hispanic,USA,Master’s in Career Development,Aisha Patel,F,34,South Asian,USA,Master’s in Public Health,Part-time Healthcare Administration,"Mr. Rivera: Aisha, welcome back. Last session, we talked about your desire to move into a leadership role. How’s that going? Aisha: Hi, Mr. Rivera. I’ve been applying for managerial positions, but I’m not getting many responses. Mr. Rivera: Let’s review your resume. Are you tailoring it to highlight leadership skills like project management or team coordination? Aisha: I’ve tried, but I’m not sure if it’s strong enough. Mr. Rivera: Your experience in healthcare administration is valuable. Let’s emphasize specific achievements, like streamlining processes or leading teams. Also, have you considered certifications like PMP? Aisha: I’ve heard of it, but I’m not sure if it’s worth the investment. Mr. Rivera: It can boost your credibility. Let’s explore scholarships or employer-sponsored programs. Aisha: That’s a good idea. I’ll look into it.",Moving into a leadership role,✅
5,3,Ms. Emily Zhang,F,45,Chinese,Australia,Master’s in Counselling Psychology,James O’Connor,M,31,Caucasian,Australia,Bachelor’s in Engineering,Junior Engineer,"Ms. Zhang: James, it’s good to see you. Last time, we discussed your dissatisfaction with your current role. What’s changed since then? James: Hi, Ms. Zhang. I’ve realized I want to move into renewable energy, but I’m not sure how to make the switch. Ms. Zhang: That’s a growing field. Have you researched companies or roles that align with your interests? James: I’ve looked, but most require experience I don’t have. Ms. Zhang: Let’s focus on transferable skills, like project management or technical expertise. Have you considered volunteering or internships? James: I hadn’t thought of that. Ms. Zhang: It’s a great way to gain experience and network. Let’s identify some opportunities.",Moving into renewable energy,✅
5,4,Dr. Ahmed Ali,M,50,Middle Eastern,UK,PhD in Career Guidance,Sarah Johnson,F,27,African American,UK,Bachelor’s in Psychology,Retail,"Dr. Ali: Sarah, welcome back. Last session, we discussed your interest in counselling. How’s that going? Sarah: Hi, Dr. Ali. I’ve been researching programs, but I’m worried about the cost. Dr. Ali: That’s a valid concern. Have you looked into scholarships or part-time programs? Sarah: I’ve started, but it’s overwhelming. Dr. Ali: Let’s break it down. We’ll create a list of programs and funding options. Also, consider gaining experience through volunteering. Sarah: That sounds manageable.",Interest in counselling,✅
5,5,Ms. Maria Gonzalez,F,40,Hispanic,USA,Master’s in Career Counselling,David Kim,M,36,Asian American,USA,Bachelor’s in Computer Science,Software Developer,"Ms. Gonzalez: David, it’s good to see you. Last time, we discussed your desire for a more creative role. What’s new? David: Hi, Ms. Gonzalez. I’ve been exploring UX design, but I’m not sure how to transition. Ms. Gonzalez: UX design is a great fit. Have you taken any courses or built a portfolio? David: I’ve started, but I’m not confident in my work. Ms. Gonzalez: Let’s review your portfolio and identify areas for improvement. Networking with UX professionals can also help. David: That sounds like a plan.",Desire for a more creative role,✅
6,1,Dr. Priya Sharma,F,42,Indian,India,PhD in Career Psychology,Raj Patel,M,28,Indian-American,USA,Bachelor’s in Business Administration,Retail Management,"Dr. Sharma: Raj, we’ve discussed your dissatisfaction with retail management. What have you reflected on since our last session? Raj: I’ve realized I want a career that aligns with my passion for sustainability. Retail feels stagnant, and I’m not making the impact I hoped for. Dr. Sharma: That’s a great insight. Have you explored roles in sustainable business or corporate social responsibility? Raj: I’ve looked into it, but I’m unsure if my skills translate. My experience is mostly in operations and customer service. Dr. Sharma: Your operational expertise is valuable. Many companies need leaders who can implement sustainable practices. Have you considered upskilling? Raj: I’ve thought about a certification in sustainability management. Would that help? Dr. Sharma: Absolutely. It would bridge the gap and make you a strong candidate. Let’s map out a plan to transition into this field.",Aligning career with passion for sustainability,✅
6,2,Mr. James Carter,M,50,African-American,USA,Master’s in Career Development,Maria Gonzalez,F,35,Hispanic-American,USA,Associate’s Degree in Nursing,Licensed Practical Nurse,"Mr. Carter: Maria, last time we discussed your goal of becoming a registered nurse (RN). How’s your progress? Maria: I’ve started an RN program, but balancing work and school is overwhelming. I’m worried I won’t finish. Mr. Carter: That’s a common challenge. Have you explored flexible scheduling or employer-sponsored programs? Maria: My employer offers tuition reimbursement, but the shifts are rigid. I’m considering part-time work. Mr. Carter: That could help. Have you thought about online courses to supplement your program? Maria: I haven’t. Do you think that would ease the workload? Mr. Carter: Yes, and it would give you more control over your time. Let’s explore options to make this transition smoother.",Becoming a registered nurse (RN),✅
6,3,Ms. Emily Zhang,F,38,Chinese-Canadian,Canada,Master’s in Career Counselling,Ahmed Ali,M,30,Middle Eastern,Canada,Bachelor’s in Computer Science,Software Developer,"Ms. Zhang: Ahmed, you mentioned feeling stuck in your current role. What’s changed since we last spoke? Ahmed: I’ve realized I want to move into a leadership position, but I lack management experience. Ms. Zhang: Leadership roles often require soft skills like communication and team management. Have you taken steps to develop these? Ahmed: I’ve started mentoring junior developers, but I’m not sure it’s enough. Ms. Zhang: Mentoring is a great start. Have you considered leadership training or certifications? Ahmed: Not yet. Would that make a difference? Ms. Zhang: Definitely. It would demonstrate your commitment to growth. Let’s identify programs that align with your goals.",Moving into a leadership position,✅
6,4,Dr. Sarah Thompson,F,45,White British,UK,PhD in Career Guidance,Fatima Ahmed,F,32,Somali-British,UK,Master’s in Public Health,Community Health Roles,"Dr. Thompson: Fatima, you’ve expressed interest in transitioning to policy work. What steps have you taken? Fatima: I’ve networked with professionals in the field, but I’m unsure how to position myself for policy roles. Dr. Thompson: Networking is key. Have you identified transferable skills from your community health experience? Fatima: I’ve worked on health campaigns, but policy seems more technical. Dr. Thompson: Campaign work involves advocacy and stakeholder engagement—both crucial in policy. Have you considered short courses in health policy? Fatima: That’s a good idea. Would that help me stand out? Dr. Thompson: Absolutely. Let’s create a strategy to highlight your strengths and fill any gaps.",Transitioning to policy work,✅
6,5,Mr. David Okafor,M,55,Nigerian,Nigeria,Master’s in Career Education,Chiamaka Nwosu,F,27,Nigerian,Nigeria,Bachelor’s in Accounting,Auditing,"Mr. Okafor: Chiamaka, last time we discussed your interest in entrepreneurship. Have you made progress? Chiamaka: I’ve started a small business selling handmade crafts, but I’m struggling to balance it with my full-time job. Mr. Okafor: Balancing both is challenging. Have you considered scaling back your hours at work? Chiamaka: I’m hesitant to lose the stability. Is there another way? Mr. Okafor: You could explore automating parts of your business or hiring part-time help. Have you thought about that? Chiamaka: Not yet. Do you think it’s feasible? Mr. Okafor: Yes, with proper planning. Let’s outline steps to grow your business without sacrificing your career.",Interest in entrepreneurship,✅
7,1,Dr. Priya Patel,F,42,Indian,UK,PhD in Career Psychology,James O’Connor,M,34,Irish,Ireland,Bachelor’s in Business Administration,Unemployed,"Dr. Patel: James, we’ve discussed your skills and interests over the past sessions. How do you feel about exploring roles in project management, given your background? James: I’m open to it, but I’m worried about my lack of formal certifications. Do you think that’s a dealbreaker? Dr. Patel: Not necessarily. Many employers value experience over certifications. However, obtaining a PMP or PRINCE2 certification could boost your credibility. Have you considered part-time study? James: I have, but finances are tight right now. I’m also unsure if I’m ready to commit to another course. Dr. Patel: That’s understandable. Let’s look for roles that offer training opportunities. Many companies invest in upskilling their employees. I’ll share some job postings that align with this. James: That sounds good. I’d prefer a role where I can grow rather than just fill a position. Dr. Patel: Exactly. Growth is key. Let’s also work on tailoring your CV to highlight transferable skills like leadership and problem-solving.",Exploring roles in project management,✅
7,2,Mr. David Kim,M,50,Korean-American,USA,Master’s in Career Development,Maria Gonzalez,F,28,Mexican-American,USA,Associate’s Degree in Graphic Design,Part-time,"Mr. Kim: Maria, last time we talked about your passion for UX design. Have you had a chance to explore online courses like Coursera or Udemy? Maria: Yes, I started a UX design course last week. It’s challenging but exciting. I’m just not sure if I’m good enough to transition into this field. Mr. Kim: Self-doubt is normal when stepping into something new. Your design background gives you a solid foundation. Let’s focus on building a portfolio. Have you thought about freelance projects? Maria: I have, but I don’t know where to start. Mr. Kim: Platforms like Upwork or Fiverr are great for beginners. I can guide you on creating a profile and pricing your work. Maria: That would be helpful. I’m also worried about balancing this with my current job. Mr. Kim: Time management is crucial. Let’s create a schedule that allows you to dedicate a few hours weekly to freelancing.",Passion for UX design,✅
7,3,Ms. Amina Hassan,F,38,Somali,Canada,Master’s in Counselling Psychology,Ahmed Ali,M,30,Somali-Canadian,Canada,Bachelor’s in Civil Engineering,Underemployed,"Ms. Hassan: Ahmed, we’ve identified your interest in sustainable construction. How do you feel about pursuing a master’s in environmental engineering? Ahmed: It’s appealing, but I’m concerned about the cost and time commitment. Ms. Hassan: Those are valid concerns. Some universities offer scholarships for underrepresented groups. Would you like me to help you research options? Ahmed: Yes, please. I’d also like to know if there are entry-level roles in this field that don’t require further education. Ms. Hassan: Absolutely. Many firms value hands-on experience. Let’s explore internships or assistant roles in green construction companies. Ahmed: That sounds like a good starting point. I’d also like to improve my networking skills. Ms. Hassan: Networking is essential. I’ll share tips on leveraging LinkedIn and attending industry events.",Interest in sustainable construction,✅
7,4,Dr. Emily Zhang,F,45,Chinese-Australian,Australia,PhD in Career Education,Sarah Thompson,F,32,Australian,Australia,Bachelor’s in Psychology,Retail,"Dr. Zhang: Sarah, we’ve discussed your interest in counselling. Have you thought about pursuing a master’s in clinical psychology? Sarah: I have, but I’m unsure if I can handle the emotional toll. Dr. Zhang: That’s a valid concern. Have you considered starting with volunteer work in mental health to test the waters? Sarah: That’s a good idea. I’d like to gain some experience before committing to further study. Dr. Zhang: Great. I’ll connect you with local organizations. In the meantime, let’s work on your application for graduate programs. Sarah: I’d appreciate that. I’m also worried about balancing study with work. Dr. Zhang: Many programs offer part-time options. Let’s explore those to ease the transition.",Interest in counselling,✅
7,5,Mr. Carlos Mendez,M,55,Mexican,Mexico,Master’s in Career Guidance,Lucia Rivera,F,29,Mexican,Mexico,High School Diploma,Cashier,"Mr. Mendez: Lucia, we’ve talked about your interest in hospitality management. Have you considered enrolling in a vocational training program? Lucia: I have, but I’m worried about the cost. Mr. Mendez: Many programs offer scholarships or payment plans. I can help you find one that fits your budget. Lucia: That would be great. I’d also like to know if there are entry-level roles in hotels that offer training. Mr. Mendez: Definitely. Many hotels hire trainees and provide on-the-job training. Let’s identify some opportunities and prepare your application. Lucia: Thank you. I’m excited about the possibilities. Mr. Mendez: That’s the spirit! Let’s take it step by step.",Interest in hospitality management,✅
8,1,Dr. Sarah Thompson,F,42,White,United States,PhD in Counseling Psychology,James Carter,M,35,African American,United States,Bachelor’s in Business Administration,Retial Management,"Dr. Thompson: ""James, we’ve been working together for a few weeks now. How do you feel about the progress we’ve made in identifying your career goals?"" James: ""It’s been helpful, but I’m still unsure about how to transition from retail management to corporate strategy. I feel like my experience isn’t directly transferable."" Dr. Thompson: ""That’s a common concern. Let’s break it down. Your leadership and operational skills are highly valuable. Have you considered certifications like PMP or Six Sigma to bridge the gap?"" James: ""I’ve heard of them, but I’m not sure if they’re worth the investment."" Dr. Thompson: ""They can be, especially if they align with your target roles. Let’s explore job postings for corporate strategy positions and identify the skills they require. We can then map your experience and see where certifications or additional training might help."" James: ""That makes sense. I’ve also been networking, but I’m not sure how to leverage those connections effectively."" Dr. Thompson: ""Networking is key. Let’s strategize on how to approach your contacts. For example, you could ask for informational interviews to learn more about their roles and express your interest in transitioning."" James: ""I’ll give that a try. Thanks, Dr. Thompson.""",Shifting from Retail Management to Corporate Strategy,✅
8,2,Mr. Rajesh Kumar,M,50,South Asian,India,Master’s in Career Counseling,Priya Mehta,F,28,South Asian,India,Master’s in Computer Science,Software Developer,"Mr. Kumar: ""Priya, we’ve discussed your interest in data science. Have you taken any steps toward upskilling?"" Priya: ""Yes, I’ve started an online course in machine learning, but I’m worried it’s not enough to make the switch."" Mr. Kumar: ""Upskilling is a great start. Let’s look at your current projects. Are there opportunities to incorporate data science techniques, even on a small scale?"" Priya: ""I’ve been trying, but my team is focused on traditional software development."" Mr. Kumar: ""That’s a challenge, but not insurmountable. Could you propose a pilot project to demonstrate the value of data science? This would also showcase your initiative to your managers."" Priya: ""That’s a good idea. I’ll draft a proposal. What about certifications? Are they necessary?"" Mr. Kumar: ""Certifications can help, especially in a competitive field like data science. Let’s identify a few that are recognized in the industry and align with your goals."" Priya: ""Thank you, Mr. Kumar. I feel more confident about this transition now.""",Upskilling into Data Science,✅
8,3,Ms. Emily Zhang,F,38,Chinese,Canada,Master’s in Career Development,Carlos Rivera,M,40,Hispanic,Canada,Bachelor’s in Civil Engineering,Construction Management,"Ms. Zhang: ""Carlos, we’ve been working on adapting your experience to the Canadian job market. How do you feel about the progress?"" Carlos: ""It’s been challenging. My qualifications aren’t always recognized here, and I’m not sure how to compete with local candidates."" Ms. Zhang: ""That’s a common hurdle for immigrant professionals. Let’s focus on networking and building relationships within the industry. Have you joined any professional associations?"" Carlos: ""I’ve joined a few, but I’m not sure how to engage effectively."" Ms. Zhang: ""Start by attending events and connecting with members on LinkedIn. You could also volunteer for committees to gain visibility."" Carlos: ""I’ll try that. What about certifications? Would they help?"" Ms. Zhang: ""Absolutely. Canadian certifications like PMP or Gold Seal can enhance your credibility. Let’s explore which ones align with your goals."" Carlos: ""Thank you, Ms. Zhang. I’ll start working on these steps.""",Adapting Experience to the Canadian Job Market,✅
8,4,Dr. Michael O’Connor,M,45,White,Australia,PhD in Career Development,Lisa Nguyen,F,32,Vietnamese,Australia,Master’s in Marketing,Digitial Marketing,"Dr. O’Connor: ""Lisa, we’ve been discussing your goal of moving into a leadership role. How do you feel about your readiness?"" Lisa: ""I feel confident in my technical skills, but I’m not sure if I have the leadership experience employers are looking for."" Dr. O’Connor: ""Leadership isn’t just about titles. Let’s identify instances where you’ve led projects or mentored colleagues. These experiences are valuable."" Lisa: ""I’ve led a few campaigns, but they were small-scale."" Dr. O’Connor: ""Scale isn’t the only measure of success. Focus on the outcomes and how you influenced the team. Let’s also explore leadership training programs to build your skills further."" Lisa: ""That sounds helpful. What about networking? Should I focus on that too?"" Dr. O’Connor: ""Absolutely. Networking can open doors to leadership opportunities. Let’s identify key events and strategize on how to connect with industry leaders."" Lisa: ""Thank you, Dr. O’Connor. I’ll start working on these areas.""",Moving into a Leadership Role,✅
8,5,Ms. Amina Hassan,F,36,Somali,United Kingdom,Master’s in Career Guidance,Fatima Ali,F,29,Somali,United Kingdom,Bachelor’s in Sociology,Social Work,"Ms. Hassan: ""Fatima, we’ve been exploring your interest in human resources. How do you feel about the transition so far?"" Fatima: ""I’m excited but nervous. I’m not sure if my social work experience is relevant."" Ms. Hassan: ""Your experience is highly relevant. Skills like communication, empathy, and conflict resolution are crucial in HR. Let’s identify specific HR roles that align with your strengths."" Fatima: ""I’ve been looking at HR coordinator roles, but I’m not sure if I meet the requirements."" Ms. Hassan: ""Let’s review the job descriptions together and identify any gaps. We can then create a plan to address them, such as short courses or certifications."" Fatima: ""That would be helpful. What about networking? Should I focus on that too?"" Ms. Hassan: ""Yes, networking is key. Attend HR events and connect with professionals on LinkedIn. You could also seek informational interviews to learn more about the field."" Fatima: ""Thank you, Ms. Hassan. I feel more confident about this transition now.""",Transition to Human Resources,✅
9,1,Dr. Emily Carter,F,42,White,USA,PhD in Career Counseling,Raj Patel,M,28,South Asian,Canada,Bachelor’s in Computer Science,Unemployed,"Dr. Carter: Raj, it’s great to see you again. Last time, we discussed your interest in transitioning from software development to data science. How have you been progressing with the online courses you mentioned? Raj: Hi, Dr. Carter. I’ve completed two courses on machine learning and Python for data analysis. I’m enjoying it, but I’m still unsure if this is the right path for me. I worry about competing with people who have more experience. Dr. Carter: That’s a valid concern, but remember, your background in software development gives you a strong foundation. Have you thought about applying for internships or freelance projects to build your portfolio? Raj: I haven’t, but that’s a good idea. I’ve been so focused on learning that I didn’t consider practical experience. Do you think I should reach out to my network for opportunities? Dr. Carter: Absolutely. Networking is crucial. Let’s also explore job boards and LinkedIn for entry-level data science roles. You’re making great progress, Raj. Confidence comes with action.",Transitioning from software development to data science,✅
9,2,Mr. James Okafor,M,50,Black,Nigeria,Master’s in Psychology,Fatima Al-Mansoori,F,35,Arab,UAE,Bachelor’s in Business Administration,Administrative Assistant,"Mr. Okafor: Fatima, welcome back. Last session, you expressed a desire to move into a managerial role. Have you had a chance to discuss this with your supervisor? Fatima: Yes, I did. They suggested I take on more responsibilities in my current role to prove my readiness. But I feel stuck—I’ve been doing the same tasks for years. Mr. Okafor: It’s common to feel that way. Let’s focus on upskilling. Have you considered pursuing a certification in project management or leadership? Fatima: I’ve looked into it, but I’m not sure which program would be most respected in my industry. Mr. Okafor: I recommend the PMP certification. It’s globally recognized and aligns with your goals. Let’s also identify specific projects at work where you can take the lead. Fatima: That sounds like a plan. I’ll start researching PMP courses today.",Moving into a managerial role,✅
9,3,Ms. Sofia Martinez,F,38,Hispanic,Spain,Master’s in Career Development,Liam O’Connor,M,30,White,Ireland,Bachelor’s in Marketing,Social Media Manager,"Ms. Martinez: Liam, it’s good to see you. Last time, we talked about your interest in moving into a more strategic role. How have you been exploring that? Liam: Hi, Ms. Martinez. I’ve been trying to take on more strategic tasks at work, but my boss seems hesitant to delegate. I’m considering looking for a new job. Ms. Martinez: That’s a big decision. Before jumping ship, let’s explore ways to demonstrate your strategic skills. Have you thought about proposing a new campaign or initiative? Liam: Not really. I guess I’ve been waiting for opportunities to come to me. Ms. Martinez: Proactivity is key. Draft a proposal for a campaign and present it to your boss. This could showcase your readiness for a more strategic role. Liam: That’s a great idea. I’ll start working on it right away.",Moving into a more strategic role,✅
9,4,Dr. Anika Desai,F,45,South Asian,India,PhD in Organizational Behavior,Maria Gonzalez,F,32,Hispanic,USA,Associate’s Degree in Nursing,Registered Nurse,"Dr. Desai: Maria, welcome back. Last session, we discussed your interest in transitioning to a nurse practitioner role. How have you been progressing with your application for advanced programs? Maria: Hi, Dr. Desai. I’ve applied to three programs, but I’m nervous about balancing work and studies. Dr. Desai: It’s a valid concern, but many programs offer part-time options. Have you explored those? Maria: I have, but I’m still worried about the financial burden. Dr. Desai: Let’s look into scholarships and employer-sponsored programs. Many hospitals offer tuition reimbursement for nurses pursuing advanced degrees. Maria: That’s a great idea. I’ll check with my HR department.",Transitioning to a nurse practitioner role,✅
9,5,Mr. David Kim,M,55,Asian,South Korea,Master’s in Career Counseling,Amina Yusuf,F,29,Black,UK,Bachelor’s in Journalism,Freelance writer,"Mr. Kim: Amina, it’s good to see you again. Last time, we discussed your desire to secure a full-time role in journalism. How has your job search been going? Amina: Hi, Mr. Kim. I’ve applied to several positions, but I haven’t heard back from most. I’m starting to feel discouraged. Mr. Kim: Job searches can be challenging, but persistence pays off. Have you considered tailoring your portfolio to specific roles or industries? Amina: I haven’t, but that makes sense. I’ve been using the same portfolio for every application. Mr. Kim: Let’s work on creating targeted portfolios and cover letters. Also, consider reaching out to editors or journalists for informational interviews. Amina: That’s a great idea. I’ll start researching contacts today.",Securing a full-time role in journalism,✅
10,1,Dr. Priya Sharma,F,42,Indian,Canada,PhD in Career Psychology,Michael Thompson,M,28,African American,USA,Bachelor’s in Marketing,Retail Management,"Dr. Sharma: Michael, it’s great to see you again. Last time, we discussed your interest in transitioning from retail management to digital marketing. How have you been exploring that? Michael: Thanks, Dr. Sharma. I’ve been taking online courses in SEO and content marketing. I’ve also started networking on LinkedIn, but I’m still unsure about how to make the leap. Dr. Sharma: That’s excellent progress! Networking is key. Have you identified any specific roles or companies that align with your skills and interests? Michael: Yes, I’ve been looking at digital marketing roles in e-commerce companies. But I’m worried my retail background might not be enough. Dr. Sharma: Your retail experience is valuable—it gives you customer insights and operational knowledge. Let’s work on tailoring your resume to highlight transferable skills. Have you considered informational interviews? Michael: Not yet, but that sounds like a good idea. How do I approach someone for that? Dr. Sharma: Start by reaching out to professionals in your target field via LinkedIn. Be polite and express genuine interest in their career path. Would you like to practice drafting a message? Michael: Yes, that would help a lot.",Transitioning from retail management to digital marketing,✅
10,2,Mr. David Lee,M,50,Chinese American,USA,Master’s in Career Development,Maria Gonzalez,F,35,Hispanic,USA,Associate’s Degree in Nursing,Licensed Practical Nurse,"Mr. Lee: Maria, welcome back. Last session, we talked about your goal of becoming a registered nurse (RN). How’s your preparation going? Maria: Hi, Mr. Lee. I’ve enrolled in an RN program, but balancing work and school is tough. I’m feeling overwhelmed. Mr. Lee: That’s understandable. Have you explored flexible scheduling options at work or discussed your goals with your employer? Maria: I haven’t yet. I’m worried they might not support me. Mr. Lee: Many employers value upskilling. Let’s strategize how to approach them. Also, have you looked into financial aid or part-time study options? Maria: I’ve applied for a scholarship, but I’m still waiting to hear back. Part-time study might be a better fit. Mr. Lee: That’s a good backup plan. Let’s also explore time management techniques to help you balance everything.",Becoming a registered nurse (RN),✅
10,3,Ms. Amina Ali,F,38,Somali,UK,Master’s in Career Guidance,James O’Connor,M,40,Irish,UK,Bachelor’s in Mechanical Engineering,Automotive Manufacturing,"Ms. Ali: James, it’s good to see you again. Last time, we discussed your interest in moving into renewable energy. How’s your job search going? James: Hi, Ms. Ali. I’ve applied to a few roles, but I’m not getting many responses. I think my lack of direct experience in renewables is holding me back. Ms. Ali: That’s a common challenge. Have you considered highlighting your transferable skills, like project management and technical expertise? James: I’ve tried, but I’m not sure if I’m doing it effectively. Ms. Ali: Let’s review your resume together. Additionally, have you thought about certifications or short courses in renewable energy to bolster your profile? James: That’s a good idea. Are there any specific certifications you’d recommend? Ms. Ali: Yes, I’ll share a list with you. Also, networking with professionals in the field could open doors.",Moving into renewable energy,✅
10,4,Dr. Emily Carter,F,45,White British,UK,PhD in Education,Fatima Ahmed,F,30,Pakistani,UK,Master’s in Education,Primary School Teacher,"Dr. Carter: Fatima, welcome back. Last session, we discussed your desire to move into educational leadership. How have you been progressing? Fatima: Hi, Dr. Carter. I’ve been researching leadership roles, but I’m unsure if I have the right experience. Dr. Carter: Leadership roles often require a mix of teaching experience and additional training. Have you considered pursuing a leadership qualification? Fatima: Yes, but I’m not sure which one to choose. Dr. Carter: Let’s explore options like the National Professional Qualification for Leadership (NPQL). Also, have you taken on any leadership responsibilities at your current school? Fatima: I’ve led a few projects, but nothing major. Dr. Carter: That’s a great start. Let’s work on building your leadership portfolio and identifying opportunities to take on more responsibilities.",Moving into educational leadership,✅
10,5,Mr. Carlos Mendez,M,55,Hispanic,USA,Master’s in Career Counseling,Sarah Johnson,F,32,White American,USA,Bachelor’s in Communications,Public Relations,"Mr. Mendez: Sarah, it’s great to see you again. Last time, we discussed your interest in transitioning to corporate communications. How’s your progress? Sarah: Hi, Mr. Mendez. I’ve been networking and applying for roles, but I’m not getting many interviews. Mr. Mendez: Let’s review your application materials. Are you tailoring your resume and cover letter for each role? Sarah: I try to, but I’m not sure if I’m doing it right. Mr. Mendez: Let’s work on that today. Also, have you considered leveraging your PR experience to highlight your crisis management and media relations skills? Sarah: That’s a good point. I’ll focus on that. Mr. Mendez: Great. Let’s also explore informational interviews to learn more about the corporate communications field.",Transitioning to corporate communications,✅
