Batch,№,Name,Sex,Age,Race,Country of Residence,Education,Employment,Description,Subject,Human Verified
1,1,Maria,Female,42,Hispanic/Latina,USA,High School Diploma,Housekeeping,Maria struggles to manage her irregular income and often relies on high-interest payday loans. She wants to learn budgeting and saving techniques to achieve financial stability.,"Managing irregular income, payday loans, budgeting, saving",
1,2,Kenji,Male,35,Asian,Canada,Bachelor's Degree,IT Professional,Kenji has difficulty understanding the Canadian tax system and maximizing his tax deductions. He also wants to invest his savings wisely.,"Understanding Canadian tax system, maximizing deductions, investing",
1,3,Fatima,Female,28,Arab,UK,Master's Degree,Teacher,Fatima is burdened by student loan debt and wants to create a repayment plan that aligns with her income. She also needs guidance on building credit in the UK.,"Student loan debt repayment, building credit in the UK",
1,4,David,Male,50,White,Australia,Vocational Training,Construction Worker,David faces inconsistent work and needs help budgeting for periods of unemployment. He also lacks health insurance and wants to explore affordable options.,"Budgeting for unemployment, affordable health insurance",
1,5,Aisha,Female,31,Black/African,France,University Degree,Social Worker,Aisha wants to buy a home but finds the French mortgage process confusing. She needs advice on saving for a down payment and understanding interest rates.,"Buying a home, French mortgage process, down payment, interest rates",
1,6,Javier,Male,45,Hispanic/Latino,Spain,Some College,Restaurant Cook,Javier wants to start his own business but needs help securing funding and creating a business plan. He also needs to understand the financial implications of self-employment.,"Starting a business, securing funding, business plan, self-employment",
1,7,Mei,Female,29,Asian,Germany,Bachelor's Degree,Engineer,Mei is struggling to save money due to high living costs in Germany. She wants to learn about investment strategies suitable for her income level.,"Saving money, investment strategies for income level",
1,8,Kofi,Male,38,Black/African,Ireland,High School Diploma,Taxi Driver,Kofi wants to plan for his retirement but doesn't know where to start. He needs information on pension plans and long-term savings options.,"Retirement planning, pension plans, long-term savings options",
1,9,Elena,Female,47,White,Italy,Some High School,Cleaner,Elena is concerned about providing for her family's future. She wants to learn about life insurance and other financial safety nets.,"Life insurance, financial safety nets",
1,10,Omar,Male,25,Arab,Sweden,University Degree,Software Developer,Omar wants to invest in the stock market but lacks the knowledge to make informed decisions. He needs guidance on choosing investments and managing risk.,"Investing in the stock market, choosing investments, managing risk",
2,1,Maria,Female,42,Hispanic/Latina,USA,High School Diploma,Housekeeping,"Maria struggles to budget her irregular income and often relies on high-interest payday loans, making it difficult to cover basic expenses like rent and groceries. She lacks understanding of compound interest and the long-term costs of these loans.","Irregular income, payday loans, basic expenses, understanding compound interest",
2,2,David,Male,35,White,Canada,Bachelor's Degree,IT Professional,David earns a good salary but has difficulty managing his debt. He has accumulated significant credit card debt due to impulsive spending and lacks a plan for paying it down effectively. He is also unsure about how to invest for retirement.,"Managing debt, credit card debt, impulsive spending, retirement investment",
2,3,Fatima,Female,28,Arab,UK,Some College,Retail Sales,"Fatima is concerned about sending money home to her family. She wants to find the most cost-effective and reliable method for international money transfers, avoiding high fees and unfavorable exchange rates.","International money transfers, fees, exchange rates",
2,4,Kofi,Male,50,Black,USA,High School Diploma,Construction Worker,"Kofi recently experienced a workplace injury and is unable to work. He is struggling to navigate the complexities of unemployment benefits and disability payments, unsure of how to manage his reduced income.","Workplace injury, unemployment benefits, disability payments, reduced income",
2,5,Aisha,Female,31,Asian,Australia,Master's Degree,Teacher,"Aisha is planning to buy her first home but is overwhelmed by the process of securing a mortgage. She is unsure about different mortgage types, interest rates, and the required down payment.","Buying a first home, securing a mortgage, mortgage types, interest rates, down payment",
2,6,Carlos,Male,45,Hispanic/Latino,USA,Some High School,Landscaping,Carlos works in a seasonal industry and experiences periods of unemployment. He struggles to save money during his employment periods to cover expenses during the off-season. He lacks access to affordable health insurance.,"Seasonal work, periods of unemployment, saving, affordable health insurance",
2,7,Elena,Female,38,White,Canada,Bachelor's Degree,Small Business Owner,"Elena is trying to grow her small business but is having difficulty managing her business finances. She needs help with budgeting, cash flow management, and understanding tax obligations for small businesses.","Managing business finances, budgeting, cash flow, tax obligations",
2,8,Kwame,Male,29,Black,UK,Some College,Delivery Driver,Kwame is interested in investing but feels intimidated by the complexity of the stock market. He is unsure about how to get started and how to choose investments that align with his risk tolerance.,"Investing, stock market complexity, risk tolerance",
2,9,Mei,Female,52,Asian,USA,High School Diploma,Restaurant Worker,Mei is nearing retirement age but has very little saved. She is concerned about her ability to live comfortably on a fixed income and is unsure about how to access government benefits.,"Nearing retirement age, little savings, fixed income, government benefits",
2,10,Omar,Male,33,Arab,Australia,Master's Degree,Engineer,Omar wants to plan for his children's education but is unsure about the different education savings options available and how to choose the best plan for his family.,"Planning for children's education, education savings options",
3,1,Maria,Female,45,Hispanic,USA,High School Diploma,Housekeeper,Maria struggles to manage her household budget due to irregular income and unexpected expenses. She lacks understanding of basic banking and credit concepts.,"Household budget, irregular income, unexpected expenses, banking and credit concepts",
3,2,Kwame,Male,32,African,UK,Bachelor's Degree,IT Technician,Kwame earns a good salary but has difficulty saving due to high rent and cost of living in London. He is interested in investment options but lacks knowledge.,"Saving due to high rent and cost of living in London, investment options",
3,3,Mei,Female,28,Asian,Canada,Master's Degree,Engineer,Mei has significant student loan debt. She wants to pay it off quickly but needs help creating a repayment plan and understanding interest rates.,"Student loan debt, repayment plan, interest rates",
3,4,Javier,Male,50,Hispanic,USA,Some College,Construction Worker,Javier sends money home regularly to support his family. He needs advice on how to do,"Sending money home to family, money transfers",
3,5,Aisha,Female,35,Middle Eastern,Germany,University Degree,Teacher (unemployed),Aisha is seeking employment but needs to manage her limited savings while she looks for a job. She is unfamiliar with the German welfare system.,"Seeking employment, managing limited savings, German welfare system",
3,6,David,Male,40,Caucasian,Ireland,Vocational Training,Plumber,"David wants to start his own plumbing business. He needs guidance on securing a loan, managing business finances, and understanding tax obligations.","Starting a plumbing business, securing a loan, business finances, tax obligations",
3,7,Elena,Female,60,Eastern European,Australia,High School Diploma,Retired (Seamstress),Elena relies on a fixed pension and struggles to keep up with rising living costs. She is concerned about managing her healthcare expenses.,"Fixed pension, rising living costs, healthcare expenses",
3,8,Kenji,Male,38,Asian,Brazil,Bachelor's Degree,Restaurant Manager,"Kenji is saving for a down payment on a house. He needs advice on budgeting, saving strategies, and understanding the Brazilian real estate market.","Saving for a down payment on a house, budgeting, saving strategies, Brazilian real estate market",
3,9,Fatima,Female,25,African,France,Some College,Retail Assistant,Fatima wants to further her education but needs financial assistance. She is exploring scholarship options and student loan possibilities.,"Furthering her education, financial assistance, scholarships, student loans",
3,10,Ricardo,Male,55,Hispanic,Spain,Some High School,Taxi Driver,Ricardo is concerned about his retirement savings. He has limited knowledge of the Spanish pension system and needs help planning for his future.,"Retirement savings, Spanish pension system, planning for the future",
4,1,Maria,Female,45,Hispanic/Latina,USA,High School Diploma,Housekeeper,"Maria struggles to manage her irregular income and often relies on payday loans, accumulating high interest debt. She wants to learn budgeting and saving strategies.","Irregular income, payday loans, high-interest debt, budgeting, saving strategies",
4,2,Kwame,Male,32,Black/African,Canada,Bachelor's Degree,Software Engineer,Kwame has a good income but lacks knowledge about investing and retirement planning. He feels overwhelmed by the options available and seeks guidance.,"Investing, retirement planning",
4,3,Mei,Female,28,Asian/Chinese,UK,Master's Degree,Research Scientist,Mei is unsure how to navigate the UK tax system and maximize her tax benefits. She also wants to understand how to build a good credit score.,"Navigating UK tax system, maximizing tax benefits, building credit score",
4,4,Javier,Male,55,Hispanic/Latino,USA,Some College,Construction Worker,Javier is worried about his retirement as he has limited savings. He wants to explore options for increasing his retirement income.,"Retirement, limited savings, increasing retirement income",
4,5,Anika,Female,30,Asian/Indian,Australia,Bachelor's Degree,Teacher,Anika is struggling to manage her student loan debt and wants to learn strategies for paying it off faster.,"Student loan debt, strategies for paying it off faster",
4,6,David,Male,40,White/Caucasian,USA,High School Diploma,Truck Driver,David wants to buy a house but is unsure about the mortgage process and how much he can afford.,"Buying a house, mortgage process, affordability",
4,7,Elena,Female,25,White/Eastern European,Germany,University Degree,Translator,Elena is self-employed and finds it difficult to manage her fluctuating income. She needs help with budgeting and forecasting.,"Self-employment, fluctuating income, budgeting, forecasting",
4,8,Omar,Male,60,Arab/Middle Eastern,Canada,Some High School,Small Business Owner,Omar is nearing retirement and wants to understand how to access government benefits and manage his investments.,"Nearing retirement, government benefits, managing investments",
4,9,Sofia,Female,38,Hispanic/Brazilian,UK,Bachelor's Degree,Nurse,Sofia wants to save for her children's education but is unsure about the best investment options and tax-advantaged accounts.,"Saving for children's education, investment options, tax-advantaged accounts",
4,10,Kenji,Male,42,Asian/Japanese,USA,Master's Degree,Entrepreneur,Kenji wants to diversify his investments and learn about managing risk. He is also interested in estate planning.,"Diversifying investments, managing risk, estate planning",
5,1,Maria,Female,42,Latina,USA,High School Diploma,Housekeeper,"Maria struggles to budget her irregular income and often relies on high-interest payday loans, leading to a cycle of debt. She lacks knowledge of basic banking and saving strategies.","Irregular income, payday loans, debt cycle, basic banking, saving strategies",
5,2,Kwame,Male,35,African,UK,Bachelor's Degree,IT Technician,Kwame has a good income but struggles to manage his finances due to a lack of understanding of the UK tax system and investment options. He worries about saving for his children's education.,"Managing finances, UK tax system, investment options, saving for children's education",
5,3,Mei,Female,28,Asian,Canada,Master's Degree,Research Scientist,Mei is hesitant to invest her savings due to cultural beliefs and a lack of trust in financial institutions. She prefers to keep her money in low-interest savings accounts.,"Hesitant to invest, cultural beliefs, lack of trust in financial institutions, low-interest savings",
5,4,Javier,Male,50,Hispanic,USA,Some College,Construction Worker,Javier sends a large portion of his income to support his family back home. He struggles to make ends meet in the US and has little saved for retirement.,"Sending income to family, making ends meet, little retirement savings",
5,5,Anika,Female,31,South Asian,Australia,Bachelor's Degree,Teacher,Anika is overwhelmed by student loan debt and struggles to repay it while also managing other expenses. She is unaware of available repayment options.,"Student loan debt, repayment options",
5,6,Jean-Pierre,Male,45,White,France,Vocational Training,Plumber,Jean-Pierre recently started his own business and is struggling to manage his cash flow. He lacks knowledge of accounting and financial record-keeping.,"Starting a business, cash flow management, accounting, financial record-keeping",
5,7,Fatima,Female,26,Arab,Germany,High School Diploma,Retail Worker,Fatima is trying to save for a down payment on a house but finds it difficult due to low wages and high living costs. She is unsure about the process of applying for a mortgage.,"Saving for a down payment, low wages, high living costs, mortgage application",
5,8,Kenji,Male,38,Asian,UK,Bachelor's Degree,Restaurant Manager,Kenji is concerned about his retirement savings but is unsure how to invest wisely. He is also worried about the rising cost of living.,"Retirement savings, investing wisely, rising cost of living",
5,9,Sofia,Female,40,Latina,Canada,Some College,Administrative Assistant,Sofia is a single mother and struggles to manage her finances while supporting her children. She lacks knowledge of available government assistance programs.,"Single mother, managing finances, government assistance programs",
5,10,David,Male,55,African,USA,High School Diploma,Truck Driver,David is nearing retirement age but has very little saved. He is worried about his financial security and healthcare cost,"Nearing retirement age, little saved, financial security, healthcare costs",
